id,first_name,last_name,email,gender,interest,age,salary,income,purchase_history,city
5,Cobbie,Rogan,crogan4@biblegateway.com,M,Action,34,70730428,High,8,sulawesi_barat
6,Giraud,Yanuk,gyanuk5@geocities.jp,M,Action,37,17007283,High,4,kalimantan_tengah
7,Alla,Sainter,asainter6@joomla.org,F,Action,52,22344645,High,8,aceh
8,Abrahan,Pointon,apointon7@mozilla.com,M,Action,40,35952536,High,4,sulawesi_tenggara
9,Karlotte,Roycraft,kroycraft8@ameblo.jp,F,Action,15,89268954,High,4,gorontalo
10,Turner,Rontree,trontree9@mozilla.com,M,Action,30,2013647,Low,6,kalimantan_timur
11,Skipton,Kingsnod,skingsnoda@chicagotribune.com,M,Action,51,93847431,High,10,nusa_tenggara_barat
12,Lizette,Gobolos,lgobolosb@illinois.edu,F,Action,52,72203656,High,0,nusa_tenggara_barat
13,Ara,Sparrowe,asparrowec@nsw.gov.au,F,Action,41,83913015,High,3,bengkulu
14,Duky,Siemon,dsiemond@cargocollective.com,M,Action,42,10122052,High,9,kep_ riau
15,Em,O'Dowling,eodowlinge@cnet.com,F,Action,42,28658192,High,1,kep_ riau
16,Packston,Norcliff,pnorclifff@storify.com,M,Action,40,88848706,High,6,maluku_utara
17,Reilly,Edyson,redysong@irs.gov,M,Action,22,75304100,High,3,gorontalo
18,Rockwell,Easom,reasomh@ow.ly,M,Action,45,45230737,High,1,bali
19,Gretchen,Gruczka,ggruczkai@prnewswire.com,F,Action,52,23644838,High,6,kalimantan_selatan
20,Alta,Deaconson,adeaconsonj@walmart.com,F,Action,15,88266894,High,0,nusa_tenggara_timur
21,Edee,Mulqueen,emulqueenk@digg.com,F,Action,14,45142086,High,4,sulawesi_tengah
22,Maddie,Ely,melyl@webs.com,M,Action,38,70419121,High,10,jawa_tengah
23,Malachi,Blues,mbluesm@bbb.org,M,Action,47,49450804,High,0,aceh
24,Reuben,Wildbore,rwildboren@dot.gov,M,Action,49,56458763,High,1,kalimantan_timur
25,Roderich,Rapaport,rrapaporto@netlog.com,M,Action,40,56874903,High,7,kep_ riau
26,Richard,Bellas,rbellasp@nsw.gov.au,M,Action,49,18836229,High,5,kalimantan_selatan
27,Deedee,Craig,dcraigq@nbcnews.com,F,Action,31,91643190,High,7,dki_jakarta
28,Meghan,Charpling,mcharplingr@booking.com,F,Action,50,82155713,High,3,bengkulu
29,Gannie,Cristofano,gcristofanos@ihg.com,M,Action,28,31018284,High,10,papua_barat
30,Davidson,Yukhin,dyukhint@digg.com,M,Action,24,86220847,High,9,jambi
31,Brooke,Martin,bmartinu@cbslocal.com,M,Action,18,78777500,High,7,lampung
32,Eben,Bockmann,ebockmannv@histats.com,M,Action,49,73912699,High,8,jawa_timur
33,Rahal,Cozzi,rcozziw@studiopress.com,F,Action,20,48969241,High,1,jambi
34,Maximo,Powell,mpowellx@twitpic.com,M,Action,47,98494363,High,8,banten
35,Giustina,Mochan,gmochany@hatena.ne.jp,F,Action,15,24238742,High,6,nusa_tenggara_barat
36,Burnaby,Roussel,brousselz@cnet.com,M,Action,35,41455208,High,4,papua
37,Keary,Hawkeswood,khawkeswood10@wired.com,M,Action,38,69578858,High,8,lampung
38,Stanislaw,Boarer,sboarer11@netvibes.com,M,Action,39,3526111,Low,8,sumatera_barat
39,Paten,Boneham,pboneham12@seesaa.net,M,Action,39,99648871,High,9,sulawesi_barat
40,Conrade,Heathcote,cheathcote13@home.pl,M,Action,42,91687058,High,9,bengkulu
41,Rochell,Pea,rpea14@house.gov,F,Action,42,50874035,High,2,dki_jakarta
42,Dasha,McCullen,dmccullen15@time.com,F,Action,44,8050354,Middle,10,maluku
43,Lauren,Ezzell,lezzell16@prlog.org,F,Action,44,28746351,High,10,jawa_tengah
44,Car,Edgerton,cedgerton17@answers.com,M,Action,48,29930349,High,1,riau
45,Donovan,Schafer,dschafer18@spiegel.de,M,Action,51,37381177,High,8,kalimantan_barat
46,Mirella,Gander,mgander19@infoseek.co.jp,F,Action,37,16063569,High,3,maluku
47,Mychal,Buesnel,mbuesnel1a@woothemes.com,M,Action,23,75554641,High,3,di_yogyakarta
48,Yves,Harker,yharker1b@google.co.jp,M,Action,22,55085391,High,1,sumatera_selatan
49,Quintilla,Stollenberg,qstollenberg1c@thetimes.co.uk,F,Action,19,79775325,High,2,sulawesi_tenggara
50,Ferdie,Dei,fdei1d@github.com,M,Action,30,80807831,High,8,kalimantan_utara
51,Petr,Yakunin,pyakunin1e@apache.org,M,Action,45,22706526,High,0,jambi
52,Briggs,Studholme,bstudholme1f@myspace.com,M,Action,35,49565420,High,6,maluku_utara
53,Kaye,Geraghty,kgeraghty1g@howstuffworks.com,F,Action,24,22636193,High,1,sumatera_barat
54,Josepha,Clemens,jclemens1h@bloglovin.com,F,Action,24,6588210,Middle,9,maluku_utara
55,Chauncey,Newe,cnewe1i@gizmodo.com,M,Action,36,17978035,High,10,jambi
56,Jemmie,Millberg,jmillberg1j@unblog.fr,F,Action,45,2815251,Low,5,nusa_tenggara_barat
57,Lin,Beernaert,lbeernaert1k@wsj.com,F,Action,31,72175623,High,6,bengkulu
58,Mace,Shippam,mshippam1l@springer.com,M,Action,20,68867776,High,10,banten
59,Wendie,Hakewell,whakewell1m@rakuten.co.jp,F,Action,42,59493975,High,5,di_yogyakarta
60,Peadar,O' Dooley,podooley1n@histats.com,M,Action,22,18509848,High,5,banten
61,Rorke,Vanichev,rvanichev1o@issuu.com,M,Action,50,27784421,High,9,aceh
62,Collin,Huygen,chuygen1p@washington.edu,M,Action,38,55224031,High,8,nusa_tenggara_barat
63,Liz,Spracklin,lspracklin1q@fc2.com,F,Action,32,63261137,High,8,banten
64,Berri,Tomei,btomei1r@reference.com,F,Action,35,25571760,High,6,sumatera_utara
65,Udell,Vasyagin,uvasyagin1s@flavors.me,M,Action,36,91238083,High,2,kalimantan_barat
66,Town,Baitman,tbaitman1t@barnesandnoble.com,M,Action,14,19788097,High,10,sulawesi_selatan
67,Marlin,Olifaunt,molifaunt1u@pen.io,M,Action,36,29809008,High,0,papua_barat
68,Hayyim,Wilcher,hwilcher1v@mtv.com,M,Action,22,19650762,High,8,bengkulu
69,Dayna,Loche,dloche1w@i2i.jp,F,Action,44,64442384,High,7,jambi
70,Arney,Broadfoot,abroadfoot1x@ox.ac.uk,M,Action,46,14108941,High,3,kalimantan_barat
71,Katee,Berridge,kberridge1y@wisc.edu,F,Action,27,33905085,High,8,kalimantan_tengah
72,Aldo,Abercrombie,aabercrombie1z@issuu.com,M,Action,29,56401598,High,7,dki_jakarta
73,Emmalyn,Blacksell,eblacksell20@behance.net,F,Action,18,80860460,High,5,maluku_utara
74,Mariana,L'argent,mlargent21@biblegateway.com,F,Action,28,86121579,High,7,gorontalo
75,Irita,Tuffield,ituffield22@squarespace.com,F,Action,31,3301027,Low,3,jawa_tengah
76,Franzen,Gillow,fgillow23@gravatar.com,M,Action,27,88413961,High,0,nusa_tenggara_timur
77,Gloriane,Sharratt,gsharratt24@aol.com,F,Action,40,4138800,Low,1,jawa_tengah
78,Junia,Greder,jgreder25@digg.com,F,Action,13,11484527,High,2,kalimantan_timur
79,Lincoln,Lapwood,llapwood26@upenn.edu,M,Action,29,65079894,High,9,sulawesi_barat
80,Nikaniki,Sleet,nsleet27@columbia.edu,F,Action,34,59183638,High,6,kalimantan_utara
81,Jeri,Cousen,jcousen28@earthlink.net,F,Action,29,45689129,High,3,jambi
82,Truman,Antczak,tantczak29@bbb.org,M,Action,24,49121697,High,9,kalimantan_timur
83,Susette,Penswick,spenswick2a@theglobeandmail.com,F,Action,28,64406484,High,3,aceh
84,Rustie,Muttock,rmuttock2b@wikipedia.org,M,Action,22,17400661,High,7,maluku_utara
85,Louie,Villa,lvilla2c@zimbio.com,M,Action,44,57117976,High,3,riau
86,Bud,Stefi,bstefi2d@opera.com,M,Action,34,22787218,High,9,lampung
87,Kary,Northway,knorthway2e@google.nl,F,Action,25,6017429,Middle,3,aceh
88,Ervin,Cattow,ecattow2f@ovh.net,M,Action,49,55676994,High,2,jawa_tengah
89,Haroun,Gibson,hgibson2g@mayoclinic.com,M,Action,34,9770264,Middle,0,kalimantan_tengah
90,Chadd,Moysey,cmoysey2h@mac.com,M,Action,19,37908862,High,5,sumatera_selatan
91,Trix,Wilkenson,twilkenson2i@liveinternet.ru,F,Action,35,88425764,High,1,kalimantan_timur
92,Smith,Maggorini,smaggorini2j@tuttocitta.it,M,Action,28,94778880,High,3,di_yogyakarta
93,Annette,Cran,acran2k@issuu.com,F,Action,17,90814416,High,3,di_yogyakarta
94,Dudley,Ryson,dryson2l@google.nl,M,Action,33,62915743,High,7,kep_ riau
95,Freddi,Rosenboim,frosenboim2m@sciencedirect.com,F,Action,50,98027692,High,9,kalimantan_utara
96,Timothy,Reynard,treynard2n@instagram.com,M,Action,50,62616826,High,5,jawa_tengah
97,Sebastiano,Tampion,stampion2o@youku.com,M,Action,49,3784498,Low,0,kalimantan_timur
98,Kaja,Pflieger,kpflieger2p@fotki.com,F,Action,32,12268937,High,8,di_yogyakarta
99,Killy,Boatright,kboatright2q@t.co,M,Action,18,42648866,High,7,sulawesi_tenggara
100,Benedicto,Marcroft,bmarcroft2r@cnet.com,M,Action,26,24624767,High,9,nusa_tenggara_barat
101,Lil,Haistwell,lhaistwell2s@cbc.ca,F,Action,45,29762427,High,8,sulawesi_selatan
102,Tyrus,Kubalek,tkubalek2t@yahoo.com,M,Action,35,9410400,Middle,4,jawa_barat
103,Nevins,Dawkes,ndawkes2u@mayoclinic.com,M,Action,34,58380253,High,1,bali
104,Stephanus,Hrishchenko,shrishchenko2v@spiegel.de,M,Action,29,95371203,High,0,dki_jakarta
105,Abramo,Jorden,ajorden2w@booking.com,M,Action,15,35591739,High,0,bengkulu
106,Cody,Earngy,cearngy2x@amazon.com,M,Action,39,76533609,High,4,sumatera_selatan
107,Roddie,Bravington,rbravington2y@ebay.co.uk,M,Action,47,67220295,High,0,papua
108,Margaux,Popov,mpopov2z@ftc.gov,F,Action,51,4002788,Low,3,kalimantan_barat
109,Jeannie,Genders,jgenders30@devhub.com,F,Action,14,30360204,High,6,kalimantan_tengah
110,Johnny,Ingerman,jingerman31@yelp.com,M,Action,33,14482775,High,2,kalimantan_tengah
111,Haslett,Clifton,hclifton32@nba.com,M,Action,43,23412678,High,4,sulawesi_selatan
112,Stephan,Lewcock,slewcock33@slate.com,M,Action,19,49759608,High,3,jawa_tengah
113,Grannie,Castro,gcastro34@usgs.gov,M,Action,13,92052648,High,7,maluku
114,Marsh,Lakeman,mlakeman35@aol.com,M,Action,19,20745765,High,4,sumatera_utara
115,Francine,Sauniere,fsauniere36@cbc.ca,F,Action,18,9028184,Middle,4,kalimantan_barat
116,Adore,Paule,apaule37@jigsy.com,F,Action,27,61694798,High,10,sumatera_barat
117,Abraham,Musicka,amusicka38@yellowpages.com,M,Action,15,42552779,High,7,sulawesi_utara
118,Blisse,Brasseur,bbrasseur39@icq.com,F,Action,40,78165423,High,4,jawa_tengah
119,Anna-diana,Stonhewer,astonhewer3a@imageshack.us,F,Action,34,28851914,High,8,kalimantan_utara
120,Lyle,MacTeague,lmacteague3b@simplemachines.org,M,Action,20,30012922,High,8,kep_ riau
121,Magdalena,Saines,msaines3c@livejournal.com,F,Action,14,94756479,High,8,di_yogyakarta
122,Munroe,Kildea,mkildea3d@jugem.jp,M,Adventure,43,34617152,High,9,sumatera_utara
123,Benjy,Fearnley,bfearnley3e@infoseek.co.jp,M,Adventure,28,58146590,High,10,kalimantan_tengah
124,Alyda,Marklin,amarklin3f@ifeng.com,F,Adventure,25,74446677,High,3,papua
125,Karel,Sapena,ksapena3g@nhs.uk,M,Adventure,19,22906824,High,1,kalimantan_tengah
126,Ferdinanda,Barde,fbarde3h@liveinternet.ru,F,Adventure,26,86454367,High,3,aceh
127,Jacqui,McMechan,jmcmechan3i@sciencedirect.com,F,Adventure,40,61703598,High,4,jawa_barat
128,Becki,Lefridge,blefridge3j@virginia.edu,F,Adventure,48,80273627,High,5,di_yogyakarta
129,Donny,Dobney,ddobney3k@plala.or.jp,M,Adventure,13,10927829,High,8,kalimantan_selatan
130,Graeme,Blackaller,gblackaller3l@webeden.co.uk,M,Adventure,22,32203458,High,7,dki_jakarta
131,Rhea,Blanchette,rblanchette3m@nsw.gov.au,F,Adventure,17,65344795,High,5,banten
132,Morena,Merit,mmerit3n@kickstarter.com,F,Adventure,22,79576353,High,0,jawa_barat
133,Ellsworth,Lower,elower3o@opera.com,M,Adventure,14,16518412,High,2,jambi
134,Madelaine,Etridge,metridge3p@t-online.de,F,Adventure,32,59278811,High,5,sumatera_barat
135,Amye,Seath,aseath3q@amazon.co.jp,F,Adventure,50,52194880,High,2,kalimantan_selatan
136,Kipp,Whitham,kwhitham3r@etsy.com,M,Adventure,17,70079362,High,5,gorontalo
137,Hedwig,Test,htest3s@w3.org,F,Adventure,22,20614036,High,2,papua_barat
138,Major,Norrie,mnorrie3t@soup.io,M,Adventure,40,74062332,High,4,kalimantan_selatan
139,Bessy,Cuffley,bcuffley3u@cbc.ca,F,Adventure,29,66982369,High,10,jawa_barat
140,Nelie,Shevlin,nshevlin3v@weebly.com,F,Adventure,44,43926734,High,7,bengkulu
141,Sigismundo,Twiddle,stwiddle3w@thetimes.co.uk,M,Adventure,42,17253966,High,10,papua
142,Anallise,Squirrell,asquirrell3x@goodreads.com,F,Adventure,45,84878630,High,2,maluku
143,Alexina,Eardley,aeardley3y@dailymotion.com,F,Adventure,14,52192220,High,2,jawa_timur
144,Tabb,Penhearow,tpenhearow3z@kickstarter.com,M,Adventure,29,64552119,High,0,sumatera_selatan
145,Hortensia,Cannon,hcannon40@baidu.com,F,Adventure,49,13750765,High,0,maluku
146,Minta,Rontree,mrontree41@sun.com,F,Adventure,13,52236993,High,3,kalimantan_utara
147,Alisha,Allardyce,aallardyce42@shutterfly.com,F,Adventure,50,66857773,High,0,kep_ riau
148,Judon,Cellone,jcellone43@va.gov,M,Adventure,22,82311168,High,7,maluku
149,Maris,Crebott,mcrebott44@ca.gov,F,Adventure,46,23847644,High,0,jambi
150,Rey,Acosta,racosta45@jalbum.net,M,Adventure,19,53679707,High,10,di_yogyakarta
151,Maxy,Crouse,mcrouse46@tinypic.com,F,Adventure,20,4718943,Low,10,dki_jakarta
152,Town,Bury,tbury47@barnesandnoble.com,M,Adventure,30,12432484,High,8,banten
153,Bernete,Kyteley,bkyteley48@chronoengine.com,F,Adventure,28,65796369,High,2,kalimantan_selatan
154,Matthias,Daveren,mdaveren49@dion.ne.jp,M,Adventure,18,76428005,High,1,kalimantan_selatan
155,Babette,Venmore,bvenmore4a@yolasite.com,F,Adventure,33,81889717,High,8,sulawesi_utara
156,Filbert,Larn,flarn4b@mac.com,M,Adventure,31,87495111,High,3,maluku
157,Rosemaria,Johansen,rjohansen4c@berkeley.edu,F,Adventure,36,20497658,High,10,sumatera_utara
158,Gian,Giorgini,ggiorgini4d@g.co,M,Adventure,14,33644762,High,6,nusa_tenggara_timur
159,Claudia,Partlett,cpartlett4e@devhub.com,F,Adventure,21,27852486,High,5,kalimantan_barat
160,Lawrence,Iacovazzi,liacovazzi4f@icio.us,M,Adventure,37,10527957,High,9,sulawesi_tengah
161,Betta,Segrott,bsegrott4g@wikipedia.org,F,Adventure,43,98439645,High,1,nusa_tenggara_barat
162,Edgard,Suttie,esuttie4h@friendfeed.com,M,Adventure,32,82789821,High,3,papua
163,Sydney,Fluin,sfluin4i@skype.com,F,Adventure,45,31785988,High,3,sumatera_barat
164,Hamlin,Botright,hbotright4j@infoseek.co.jp,M,Adventure,44,60505712,High,9,sulawesi_tengah
165,Maximilien,Garfitt,mgarfitt4k@vistaprint.com,M,Adventure,23,11640933,High,5,riau
166,Ianthe,Faithfull,ifaithfull4l@examiner.com,F,Adventure,39,91735564,High,2,papua_barat
959,Mommy,Jeffreys,mjeffreysqm@imgur.com,F,Biography,29,27141283,High,3,nusa_tenggara_timur
960,Cindelyn,Aicheson,caichesonqn@edublogs.org,F,Biography,25,86329904,High,8,sulawesi_tenggara
961,Brock,Mailey,bmaileyqo@nyu.edu,M,Biography,14,16703809,High,4,sulawesi_barat
962,Kean,Ferrey,kferreyqp@mediafire.com,M,Biography,33,54001980,High,7,aceh
963,Jarrett,Clinnick,jclinnickqq@newsvine.com,M,Biography,33,11766099,High,4,banten
964,Rolf,Drakes,rdrakesqr@plala.or.jp,M,Biography,18,32431646,High,10,maluku
965,Tyler,Mathouse,tmathouseqs@a8.net,M,Biography,29,33299001,High,2,sulawesi_tenggara
966,Rodrick,Oslar,roslarqt@ucla.edu,M,Biography,46,16741924,High,8,sulawesi_utara
967,Jakie,Macellar,jmacellarqu@yandex.ru,M,Biography,14,37174243,High,9,jawa_timur
167,Gabriello,Jertz,gjertz4m@linkedin.com,M,Children,34,67953060,High,2,sulawesi_tengah
168,Miof mela,M'Chirrie,mmchirrie4n@slate.com,F,Children,34,38684499,High,1,kalimantan_tengah
169,Maudie,Durtnel,mdurtnel4o@spiegel.de,F,Children,19,98604445,High,0,papua
170,Bennie,Kornalik,bkornalik4p@behance.net,F,Children,14,66036283,High,1,kalimantan_barat
171,Kathrine,Prescott,kprescott4q@twitpic.com,F,Children,45,25757713,High,2,bengkulu
172,Dorie,McCartney,dmccartney4r@berkeley.edu,F,Children,13,12649815,High,9,sulawesi_utara
173,Isabelle,Shorto,ishorto4s@goo.gl,F,Children,33,89898782,High,10,papua
174,Cilka,Nowick,cnowick4t@ucsd.edu,F,Children,49,56366212,High,6,kalimantan_selatan
175,Willow,Abrashkin,wabrashkin4u@weebly.com,F,Children,36,3260376,Low,6,sumatera_barat
176,Mallorie,Srutton,msrutton4v@xrea.com,F,Children,36,86561814,High,8,kalimantan_timur
177,Ximenez,Larkkem,xlarkkem4w@npr.org,M,Children,35,10722863,High,2,jawa_timur
178,Corty,Langley,clangley4x@soup.io,M,Children,39,63099085,High,9,sulawesi_tenggara
179,Philly,Simison,psimison4y@netscape.com,F,Children,18,13985012,High,4,maluku
180,Fionnula,Stannion,fstannion4z@smh.com.au,F,Children,14,47130864,High,10,bengkulu
181,Berkeley,Daskiewicz,bdaskiewicz50@devhub.com,M,Children,25,96035521,High,9,sumatera_selatan
182,Manuel,Trew,mtrew51@cnet.com,M,Children,52,52073015,High,4,sulawesi_selatan
183,Dodi,Mobberley,dmobberley52@acquirethisname.com,F,Children,29,44863045,High,0,kalimantan_timur
184,Asia,Herries,aherries53@answers.com,F,Children,46,76892372,High,8,sumatera_barat
185,Der,Cordel,dcordel54@slideshare.net,M,Comedy,41,35640070,High,3,sumatera_barat
186,Audie,Reven,areven55@google.fr,F,Comedy,18,82796456,High,6,sulawesi_tengah
187,Hartwell,Begin,hbegin56@indiatimes.com,M,Comedy,20,68080942,High,9,kalimantan_timur
188,Emlen,Conningham,econningham57@samsung.com,M,Comedy,15,67714985,High,8,kalimantan_utara
189,Urban,Dudeney,ududeney58@census.gov,M,Comedy,51,83930072,High,1,bengkulu
190,Davy,McCarrison,dmccarrison59@wp.com,M,Comedy,13,16233515,High,1,lampung
191,Danny,Flode,dflode5a@theatlantic.com,M,Comedy,35,49156584,High,7,nusa_tenggara_barat
192,Tremaine,Pamphilon,tpamphilon5b@typepad.com,M,Comedy,13,79594767,High,1,maluku_utara
193,Boonie,Vanacci,bvanacci5c@whitehouse.gov,M,Comedy,37,53768209,High,5,kalimantan_selatan
194,Robbyn,Raiment,rraiment5d@forbes.com,F,Comedy,16,96578624,High,7,kalimantan_utara
195,Natasha,Bartolomeo,nbartolomeo5e@pinterest.com,F,Comedy,25,11347765,High,6,nusa_tenggara_barat
196,Tally,Haggerston,thaggerston5f@photobucket.com,M,Comedy,34,97979601,High,7,di_yogyakarta
197,Thorsten,MacVanamy,tmacvanamy5g@google.co.jp,M,Comedy,25,83135947,High,4,gorontalo
198,Yule,Slyne,yslyne5h@tamu.edu,M,Comedy,29,6560576,Middle,10,di_yogyakarta
199,Rudyard,Goodee,rgoodee5i@spiegel.de,M,Comedy,35,46810756,High,8,sumatera_barat
200,Angel,Morales,amorales5j@dell.com,F,Comedy,20,26027816,High,6,jambi
201,Svend,Elsey,selsey5k@aol.com,M,Comedy,37,46513661,High,6,nusa_tenggara_timur
202,Roley,Gaiger,rgaiger5l@a8.net,M,Comedy,26,57650590,High,7,papua
203,Kippie,Brevitt,kbrevitt5m@howstuffworks.com,F,Comedy,19,75627703,High,4,jawa_timur
204,Shaw,Groven,sgroven5n@archive.org,M,Comedy,19,89004753,High,1,kep_ bangka belitung
205,Kimberley,MacCartan,kmaccartan5o@hatena.ne.jp,F,Comedy,25,2047824,Low,0,kep_ bangka belitung
206,Hamilton,Spurritt,hspurritt5p@zimbio.com,M,Comedy,24,79772929,High,4,bengkulu
207,Trix,Mazzey,tmazzey5q@wikispaces.com,F,Comedy,31,11825708,High,4,maluku
208,Kimberlee,Constantine,kconstantine5r@cocolog-nifty.com,F,Comedy,43,79099414,High,7,jawa_timur
209,Florance,Adamowicz,fadamowicz5s@vk.com,F,Comedy,25,42475319,High,1,nusa_tenggara_barat
210,Cointon,Loisi,cloisi5t@1688.com,M,Comedy,51,79101638,High,5,jawa_timur
211,Derry,Shemming,dshemming5u@oaic.gov.au,M,Comedy,16,34712363,High,7,kep_ riau
212,Derward,Sheather,dsheather5v@msn.com,M,Comedy,36,41677169,High,7,bali
213,Husein,Tayspell,htayspell5w@ed.gov,M,Comedy,25,38497614,High,6,riau
214,Kristofer,Flott,kflott5x@uiuc.edu,M,Comedy,41,10933685,High,9,bali
215,Rozele,Tompkiss,rtompkiss5y@cargocollective.com,F,Comedy,40,99847571,High,2,maluku
216,Duky,Gamage,dgamage5z@whitehouse.gov,M,Comedy,19,18038403,High,0,kalimantan_tengah
217,Chico,Damarell,cdamarell60@statcounter.com,M,Comedy,40,9368113,Middle,4,jawa_tengah
218,Hubey,Swash,hswash61@parallels.com,M,Comedy,20,9824268,Middle,8,kalimantan_selatan
219,Hermon,Janczyk,hjanczyk62@ifeng.com,M,Comedy,36,29652821,High,3,kalimantan_selatan
220,Eugenius,Sallinger,esallinger63@jugem.jp,M,Comedy,41,86595233,High,5,sulawesi_tengah
221,Abra,Milley,amilley64@hatena.ne.jp,F,Comedy,44,64610703,High,0,sulawesi_tenggara
222,Austen,Baggot,abaggot65@shinystat.com,M,Comedy,52,67184193,High,2,papua
223,Tommy,Howkins,thowkins66@mayoclinic.com,M,Comedy,29,26738282,High,3,sumatera_selatan
224,Cati,Spurrier,cspurrier67@domainmarket.com,F,Comedy,21,6046712,Middle,5,kep_ riau
225,Mathe,Mollindinia,mmollindinia68@senate.gov,M,Comedy,39,15913498,High,5,lampung
226,Vassili,Arbon,varbon69@arizona.edu,M,Comedy,43,63315058,High,3,di_yogyakarta
227,Mycah,Yuryatin,myuryatin6a@dell.com,M,Comedy,16,87790303,High,3,sumatera_selatan
228,Wynn,Josofovitz,wjosofovitz6b@seesaa.net,F,Comedy,33,90874088,High,5,sulawesi_tengah
229,Candy,Udale,cudale6c@hostgator.com,F,Comedy,32,94599416,High,9,jambi
230,Ramsey,Galway,rgalway6d@ucoz.ru,M,Comedy,16,30030474,High,6,sulawesi_tengah
231,Merwin,Leah,mleah6e@mozilla.org,M,Comedy,39,59290123,High,6,maluku
232,Malachi,Vitall,mvitall6f@google.fr,M,Comedy,22,7351171,Middle,3,sulawesi_tengah
233,Sasha,Boards,sboards6g@istockphoto.com,M,Comedy,43,99973334,High,3,aceh
234,Elisabeth,Crowcum,ecrowcum6h@umn.edu,F,Comedy,13,99688485,High,9,banten
235,Farand,Spittall,fspittall6i@example.com,F,Comedy,17,44698775,High,1,aceh
236,Hannis,Backwell,hbackwell6j@jalbum.net,F,Comedy,18,77083269,High,2,kalimantan_tengah
237,Gerda,Copello,gcopello6k@disqus.com,F,Comedy,41,98091775,High,9,papua
238,Jenna,Rubinovitsch,jrubinovitsch6l@go.com,F,Comedy,41,93314937,High,5,kep_ bangka belitung
239,Laurianne,Klemenz,lklemenz6m@harvard.edu,F,Comedy,27,25605495,High,2,kalimantan_barat
240,Em,O'Corrigane,eocorrigane6n@tinypic.com,M,Comedy,18,37466841,High,2,maluku
241,Shelagh,Van Salzberger,svansalzberger6o@1und1.de,F,Comedy,45,71349484,High,2,jawa_timur
242,Siobhan,de Vaen,sdevaen6p@360.cn,F,Comedy,49,51658561,High,2,lampung
243,Silvio,Godwin,sgodwin6q@amazon.com,M,Comedy,38,66448686,High,4,sulawesi_utara
244,Cyndi,Ciccotti,cciccotti6r@ocn.ne.jp,F,Comedy,49,41478726,High,5,di_yogyakarta
245,Bernadene,Hambelton,bhambelton6s@umn.edu,F,Comedy,15,99519509,High,0,bengkulu
246,Claudianus,Oliphant,coliphant6t@jugem.jp,M,Comedy,46,30611996,High,7,gorontalo
247,Verena,Slatten,vslatten6u@purevolume.com,F,Comedy,36,26336355,High,2,sumatera_barat
248,Daisi,Scinelli,dscinelli6v@sun.com,F,Comedy,14,56233735,High,3,sulawesi_barat
249,Eolanda,Cansdall,ecansdall6w@ning.com,F,Comedy,45,32526213,High,7,sulawesi_selatan
250,Rosita,Osmund,rosmund6x@domainmarket.com,F,Comedy,30,93125449,High,10,riau
251,Mohammed,Greenrde,mgreenrde6y@1688.com,M,Comedy,51,4976739,Low,9,riau
252,Karney,Cashley,kcashley6z@yale.edu,M,Comedy,15,30745422,High,7,sulawesi_barat
253,Kai,Parnaby,kparnaby70@hibu.com,F,Comedy,41,30304024,High,5,dki_jakarta
254,Quill,Straw,qstraw71@un.org,M,Comedy,15,54749701,High,6,papua
255,Kirsten,Charity,kcharity72@alibaba.com,F,Comedy,48,62794702,High,7,kalimantan_tengah
256,Janith,Thunderchief,jthunderchief73@amazon.com,F,Comedy,21,11771317,High,1,papua_barat
257,Claudia,Saiger,csaiger74@addtoany.com,F,Comedy,45,9894294,Middle,10,sulawesi_tengah
258,Carmel,Lambkin,clambkin75@sourceforge.net,F,Comedy,31,74991725,High,5,maluku_utara
259,Allx,Crosskell,acrosskell76@prnewswire.com,F,Comedy,35,20284522,High,4,kep_ bangka belitung
260,Candace,Stocks,cstocks77@elegantthemes.com,F,Comedy,37,69951370,High,9,jawa_timur
261,Else,Oldam,eoldam78@google.fr,F,Comedy,20,3198178,Low,2,gorontalo
262,Rodie,Splevin,rsplevin79@bizjournals.com,F,Comedy,41,84441528,High,10,gorontalo
263,Liane,Penhale,lpenhale7a@intel.com,F,Comedy,37,59428299,High,6,kep_ riau
264,Corrianne,Greenstreet,cgreenstreet7b@epa.gov,F,Comedy,42,3721023,Low,8,dki_jakarta
265,Ellsworth,Onraet,eonraet7c@businesswire.com,M,Comedy,41,95820414,High,7,jawa_barat
266,Annamaria,Ortmann,aortmann7d@examiner.com,F,Comedy,47,40983373,High,7,kep_ bangka belitung
267,Brandy,Chastenet,bchastenet7e@sohu.com,M,Comedy,36,3281454,Low,9,sulawesi_selatan
268,Fanchette,Ebi,febi7f@statcounter.com,F,Comedy,28,39860184,High,3,kalimantan_utara
269,Sibylla,Tellesson,stellesson7g@privacy.gov.au,F,Comedy,28,82753305,High,7,sumatera_barat
270,Onida,Hildrew,ohildrew7h@walmart.com,F,Comedy,13,24881487,High,4,jawa_barat
271,Jemmie,Mullett,jmullett7i@nature.com,F,Comedy,42,87361726,High,3,gorontalo
272,Alick,Hourahan,ahourahan7j@domainmarket.com,M,Comedy,37,64547227,High,1,sulawesi_barat
273,Maximilianus,Reichartz,mreichartz7k@trellian.com,M,Comedy,38,25784016,High,10,sulawesi_selatan
274,Liam,Montacute,lmontacute7l@earthlink.net,M,Comedy,16,67107891,High,4,sulawesi_tengah
275,Gwynne,Hilland,ghilland7m@cdc.gov,F,Comedy,52,46569998,High,9,kalimantan_selatan
276,Elora,Newsome,enewsome7n@github.io,F,Comedy,21,65553679,High,6,kalimantan_utara
277,Marielle,Malek,mmalek7o@a8.net,F,Comedy,48,54056850,High,4,kalimantan_selatan
278,Wilt,Buttrum,wbuttrum7p@smh.com.au,M,Comedy,37,15028470,High,10,sulawesi_selatan
279,Constantine,Tethacot,ctethacot7q@archive.org,F,Comedy,22,88416062,High,0,jawa_timur
280,Pavel,Adriani,padriani7r@ed.gov,M,Comedy,31,70623823,High,8,dki_jakarta
281,Yoshi,Swatman,yswatman7s@noaa.gov,F,Comedy,32,77472284,High,10,banten
282,Nollie,Corneljes,ncorneljes7t@state.tx.us,M,Comedy,46,68872367,High,9,lampung
283,Kaitlynn,Hayller,khayller7u@amazonaws.com,F,Comedy,33,70736173,High,6,papua_barat
284,Elset,Ready,eready7v@admin.ch,F,Comedy,18,35938659,High,4,sulawesi_selatan
285,Alwin,De Freyne,adefreyne7w@goo.gl,M,Comedy,23,56851735,High,7,banten
286,Reilly,McTerry,rmcterry7x@51.la,M,Comedy,41,47055097,High,10,kalimantan_barat
287,Carling,Lefridge,clefridge7y@photobucket.com,M,Comedy,44,90653509,High,10,jambi
288,Demetria,Topp,dtopp7z@dailymotion.com,F,Comedy,40,26368471,High,9,sumatera_selatan
289,Nydia,Pearcehouse,npearcehouse80@google.de,F,Comedy,18,5016863,Middle,8,dki_jakarta
290,Leland,Gegay,lgegay81@360.cn,F,Comedy,25,30887149,High,2,sulawesi_tenggara
291,Roxine,Grealish,rgrealish82@microsoft.com,F,Comedy,44,58224716,High,7,kalimantan_barat
292,Audre,Gwillyam,agwillyam83@etsy.com,F,Comedy,30,63277749,High,3,sumatera_selatan
293,Magnum,Fullerd,mfullerd84@pinterest.com,M,Comedy,31,77950956,High,0,sulawesi_tengah
294,Steward,Crathorne,scrathorne85@sourceforge.net,M,Comedy,49,65192235,High,9,kep_ bangka belitung
295,Fredek,Frascone,ffrascone86@shareasale.com,M,Comedy,19,9707811,Middle,8,papua_barat
296,Hector,Kinrade,hkinrade87@is.gd,M,Comedy,30,13739821,High,5,nusa_tenggara_barat
297,Butch,Shorte,bshorte88@skyrock.com,M,Comedy,24,14566850,High,1,bengkulu
298,Waldemar,Bill,wbill89@europa.eu,M,Comedy,13,49736249,High,6,sumatera_selatan
299,Rhetta,Lorimer,rlorimer8a@squidoo.com,F,Comedy,28,44793998,High,8,papua_barat
300,Pacorro,Farmar,pfarmar8b@fotki.com,M,Comedy,24,61552329,High,6,sumatera_utara
301,Merle,Osorio,mosorio8c@phoca.cz,M,Comedy,52,48038972,High,3,gorontalo
302,Cord,Johnston,cjohnston8d@pinterest.com,M,Comedy,22,72630061,High,4,riau
303,Cordy,Lindsell,clindsell8e@prweb.com,M,Comedy,28,40523213,High,4,kalimantan_timur
304,Gavin,Cruddas,gcruddas8f@globo.com,M,Comedy,41,71898953,High,3,lampung
305,Valle,Trotton,vtrotton8g@businesswire.com,M,Comedy,30,94333046,High,1,bali
306,Aindrea,Obee,aobee8h@tripadvisor.com,F,Comedy,29,78006333,High,5,dki_jakarta
307,Shellysheldon,Rankcom,srankcom8i@purevolume.com,M,Comedy,41,38230731,High,6,papua
308,Peyton,Gunningham,pgunningham8j@livejournal.com,M,Comedy,22,97166750,High,1,sulawesi_tenggara
309,Boot,Josefs,bjosefs8k@theguardian.com,M,Comedy,16,89349467,High,9,nusa_tenggara_timur
310,Virge,Houlson,vhoulson8l@cnn.com,M,Comedy,38,51682193,High,9,kep_ bangka belitung
311,Orelee,Gulvin,ogulvin8m@ibm.com,F,Comedy,50,30775492,High,7,nusa_tenggara_timur
312,Horatius,Kubin,hkubin8n@google.com,M,Comedy,14,43276004,High,5,riau
313,Inez,Prendiville,iprendiville8o@stumbleupon.com,F,Comedy,19,75642691,High,7,banten
314,Keelby,Blampey,kblampey8p@wisc.edu,M,Comedy,16,40213937,High,5,jawa_barat
315,Andrew,Attkins,aattkins8q@usa.gov,M,Comedy,45,44459997,High,10,sulawesi_selatan
316,Berrie,Jemmison,bjemmison8r@admin.ch,F,Comedy,20,54560712,High,7,kep_ riau
317,Cletis,Mallard,cmallard8s@purevolume.com,M,Comedy,35,85962103,High,7,gorontalo
318,Jeddy,Eicke,jeicke8t@ovh.net,M,Comedy,28,46758216,High,8,kalimantan_selatan
319,Marve,Lander,mlander8u@comsenz.com,M,Comedy,14,19080951,High,5,maluku_utara
320,Tressa,Waterland,twaterland8v@4shared.com,F,Comedy,46,18054372,High,3,gorontalo
321,Delmer,Warbey,dwarbey8w@aol.com,M,Comedy,47,89394312,High,7,maluku
322,Jere,Furst,jfurst8x@friendfeed.com,M,Comedy,42,73775007,High,0,sulawesi_utara
323,Murry,Drohun,mdrohun8y@cocolog-nifty.com,M,Comedy,32,66790372,High,7,gorontalo
324,Zahara,Petronis,zpetronis8z@state.tx.us,F,Comedy,38,59973669,High,7,riau
325,Constancia,Humbles,chumbles90@adobe.com,F,Comedy,35,38285934,High,7,sulawesi_tengah
326,Cathryn,Van't Hoff,cvanthoff91@census.gov,F,Comedy,31,38317977,High,5,jawa_timur
327,Pavia,Wones,pwones92@ifeng.com,F,Comedy,23,25383828,High,0,jawa_timur
328,Carolyne,Lanfranconi,clanfranconi93@msn.com,F,Comedy,37,31220166,High,8,dki_jakarta
329,Ainsley,Boldry,aboldry94@tripod.com,F,Comedy,18,62353852,High,6,nusa_tenggara_barat
330,Leif,Enevold,lenevold95@cisco.com,M,Comedy,20,76595541,High,1,nusa_tenggara_barat
331,Frankie,Serrurier,fserrurier96@census.gov,M,Comedy,47,24464875,High,10,papua_barat
332,August,Prene,aprene97@jalbum.net,M,Comedy,13,85068933,High,6,bali
333,Homerus,Karpeev,hkarpeev98@amazon.co.uk,M,Comedy,28,45762750,High,4,kalimantan_tengah
334,Fionna,Aers,faers99@lycos.com,F,Comedy,42,56892386,High,10,di_yogyakarta
335,Louis,Stockell,lstockell9a@mapquest.com,M,Comedy,17,50936628,High,2,sumatera_barat
336,Amalea,McAvinchey,amcavinchey9b@acquirethisname.com,F,Comedy,14,97911866,High,3,sumatera_selatan
337,Demetria,Crimmins,dcrimmins9c@hc360.com,F,Comedy,51,83425190,High,4,sulawesi_barat
338,Artus,Creasey,acreasey9d@aol.com,M,Comedy,45,86271986,High,9,maluku_utara
339,Jacqui,Liggens,jliggens9e@imageshack.us,F,Comedy,25,58414031,High,7,jambi
340,Immanuel,Bickley,ibickley9f@webeden.co.uk,M,Comedy,46,83608068,High,9,sulawesi_tenggara
341,Bertine,Beaston,bbeaston9g@ehow.com,F,Comedy,30,69187094,High,3,jawa_barat
342,Lorraine,Jinda,ljinda9h@tinypic.com,F,Comedy,18,52938571,High,7,papua
343,Inga,McVity,imcvity9i@dailymail.co.uk,F,Comedy,31,9921227,Middle,7,sumatera_utara
344,Madelena,Coling,mcoling9j@reddit.com,F,Comedy,38,2392792,Low,9,riau
345,Arabel,Amies,aamies9k@chronoengine.com,F,Comedy,41,61099163,High,0,dki_jakarta
346,Olivero,Chasmoor,ochasmoor9l@ezinearticles.com,M,Comedy,52,95357683,High,2,sumatera_utara
347,Bud,Crutch,bcrutch9m@rakuten.co.jp,M,Comedy,22,40266485,High,9,maluku
348,Wendye,Pietruszka,wpietruszka9n@usnews.com,F,Comedy,21,86313214,High,7,riau
349,Ruperto,Chiommienti,rchiommienti9o@bluehost.com,M,Comedy,49,38446615,High,5,jawa_timur
350,Hedvig,Ramm,hramm9p@squarespace.com,F,Comedy,35,45617878,High,2,maluku
351,Karney,Le Quesne,klequesne9q@constantcontact.com,M,Comedy,18,69506545,High,4,sulawesi_selatan
352,Shandee,Khosa,skhosa9r@naver.com,F,Comedy,18,55556493,High,6,gorontalo
353,Jonell,Berryman,jberryman9s@naver.com,F,Comedy,19,63929376,High,9,riau
354,Arthur,Kenwood,akenwood9t@cmu.edu,M,Comedy,40,97843381,High,1,bengkulu
355,Vanni,Wolverson,vwolverson9u@instagram.com,F,Comedy,20,93558116,High,9,kalimantan_barat
356,Marybelle,Schiefersten,mschiefersten9v@instagram.com,F,Comedy,21,4591618,Low,2,sumatera_utara
357,Sande,Domaschke,sdomaschke9w@php.net,F,Comedy,25,70884064,High,5,bali
358,Palmer,Assad,passad9x@jigsy.com,M,Comedy,45,33388406,High,0,sulawesi_tenggara
359,Etan,Tomczykiewicz,etomczykiewicz9y@baidu.com,M,Comedy,48,46109996,High,5,kalimantan_utara
360,Ursulina,Biaggiotti,ubiaggiotti9z@cbsnews.com,F,Comedy,26,41977277,High,4,nusa_tenggara_barat
361,Arnuad,Scotchbourouge,ascotchbourougea0@salon.com,M,Comedy,20,63893249,High,2,bali
362,Rivi,Castano,rcastanoa1@constantcontact.com,F,Comedy,20,54686643,High,5,jambi
363,Brant,Bernard,bbernarda2@vkontakte.ru,M,Comedy,20,53205408,High,0,kep_ bangka belitung
364,Jorrie,Cowl,jcowla3@cocolog-nifty.com,F,Comedy,36,51302310,High,7,banten
365,Gerladina,Ibeson,gibesona4@netvibes.com,F,Comedy,51,83798209,High,5,kep_ riau
366,Karrah,Aylott,kaylotta5@ning.com,F,Comedy,18,51196906,High,9,kalimantan_tengah
367,Diana,Swanborrow,dswanborrowa6@yandex.ru,F,Comedy,48,81078109,High,8,lampung
368,Danika,Lapwood,dlapwooda7@oracle.com,F,Comedy,50,17899316,High,9,papua_barat
369,Laurene,Longhirst,llonghirsta8@over-blog.com,F,Comedy,15,75343823,High,0,aceh
370,Monah,Glasheen,mglasheena9@yolasite.com,F,Comedy,19,40273198,High,1,sumatera_barat
371,Ferrell,Brettel,fbrettelaa@ow.ly,M,Comedy,43,64164962,High,6,kalimantan_utara
372,Alister,Moxley,amoxleyab@opera.com,M,Comedy,47,78212428,High,9,maluku
373,Edwin,Kibby,ekibbyac@ox.ac.uk,M,Comedy,52,85193125,High,0,bengkulu
374,Esther,Algate,ealgatead@rediff.com,F,Comedy,30,59261464,High,1,bali
375,Delphinia,Edwardes,dedwardesae@buzzfeed.com,F,Comedy,16,27932845,High,8,bengkulu
376,Aloysius,Bishop,abishopaf@com.com,M,Comedy,50,98922373,High,2,bali
377,Adi,Lee,aleeag@samsung.com,F,Comedy,23,59545052,High,4,jawa_timur
378,Alene,Hinkley,ahinkleyah@pagesperso-orange.fr,F,Comedy,36,32476360,High,1,nusa_tenggara_barat
379,Libbie,Seivertsen,lseivertsenai@guardian.co.uk,F,Comedy,33,28494044,High,4,maluku
380,Carley,Vamplew,cvamplewaj@usda.gov,F,Comedy,29,97485211,High,2,jawa_timur
381,Merrielle,Jancar,mjancarak@taobao.com,F,Comedy,45,4327092,Low,4,gorontalo
382,Henderson,Beesley,hbeesleyal@alibaba.com,M,Comedy,15,93472541,High,2,banten
383,Anthe,Featenby,afeatenbyam@wunderground.com,F,Comedy,49,91039115,High,5,sulawesi_tenggara
384,Dayna,Legge,dleggean@bravesites.com,F,Comedy,22,27909565,High,1,dki_jakarta
385,Forrest,Brumham,fbrumhamao@cornell.edu,M,Comedy,21,27409883,High,10,jambi
386,Sollie,Dudlestone,sdudlestoneap@fema.gov,M,Comedy,24,58998315,High,1,papua_barat
387,Danna,Mathers,dmathersaq@businessinsider.com,F,Comedy,35,83194077,High,3,jambi
388,Emmanuel,Nisius,enisiusar@mozilla.org,M,Comedy,36,70626771,High,5,riau
389,Garold,Meader,gmeaderas@go.com,M,Comedy,20,86606017,High,9,papua
390,Leslie,Laxston,llaxstonat@nifty.com,M,Comedy,27,60712300,High,6,bengkulu
391,Bondie,Pow,bpowau@nationalgeographic.com,M,Comedy,15,40216765,High,3,kep_ riau
392,Neda,Moncey,nmonceyav@paypal.com,F,Comedy,22,64748511,High,0,banten
393,Frederique,Klosa,fklosaaw@meetup.com,F,Comedy,14,69028419,High,7,maluku_utara
394,Ricki,Frany,rfranyax@jugem.jp,M,Comedy,18,3486763,Low,1,kalimantan_tengah
395,Carlo,Scandrett,cscandrettay@sciencedirect.com,M,Comedy,42,85528195,High,7,sulawesi_selatan
396,Jefferey,Handmore,jhandmoreaz@tuttocitta.it,M,Comedy,19,94323131,High,1,kalimantan_utara
397,Carson,Lowes,clowesb0@about.com,M,Comedy,37,90331590,High,7,sulawesi_selatan
398,Brietta,Luisetti,bluisettib1@tuttocitta.it,F,Comedy,38,59361536,High,6,papua_barat
399,Arly,Plewman,aplewmanb2@liveinternet.ru,F,Comedy,19,72673838,High,6,bengkulu
400,Leeland,Tarbatt,ltarbattb3@blogspot.com,M,Comedy,24,23832983,High,9,sulawesi_selatan
401,Darda,Golland,dgollandb4@blogtalkradio.com,F,Comedy,49,76203469,High,6,jambi
402,Oralia,McIlvaney,omcilvaneyb5@tinyurl.com,F,Comedy,50,48677514,High,10,banten
403,Vite,Kubiczek,vkubiczekb6@cdbaby.com,M,Comedy,37,87541161,High,10,aceh
404,Edward,Hayle,ehayleb7@istockphoto.com,M,Comedy,24,71677710,High,0,kalimantan_selatan
405,Patricio,Romney,promneyb8@google.pl,M,Comedy,35,24705100,High,6,kep_ bangka belitung
406,Elsa,Gansbuhler,egansbuhlerb9@virginia.edu,F,Comedy,34,29139163,High,3,sulawesi_selatan
407,Daniele,Cleeves,dcleevesba@bloglovin.com,F,Comedy,36,15280117,High,0,papua_barat
408,Emmy,Warrillow,ewarrillowbb@angelfire.com,F,Comedy,26,32368689,High,8,jambi
409,Tiffanie,Thurlbeck,tthurlbeckbc@dot.gov,F,Comedy,37,20844721,High,5,papua_barat
410,Starr,Charlton,scharltonbd@omniture.com,F,Comedy,13,12946303,High,8,jawa_timur
411,Margo,Kear,mkearbe@symantec.com,F,Comedy,32,14377980,High,3,bali
412,Bastien,Colbran,bcolbranbf@smugmug.com,M,Comedy,16,33987981,High,7,banten
413,Humfrid,Spohr,hspohrbg@vimeo.com,M,Comedy,39,8833800,Middle,6,sulawesi_tengah
414,Wrennie,Danielczyk,wdanielczykbh@qq.com,F,Comedy,50,33622502,High,6,sulawesi_barat
415,Dallas,Ashworth,dashworthbi@phpbb.com,F,Comedy,35,51090640,High,9,riau
416,Bab,Frowing,bfrowingbj@omniture.com,F,Comedy,30,69903105,High,1,jawa_timur
417,Althea,Hrinchenko,ahrinchenkobk@example.com,F,Crime,21,99148671,High,7,sulawesi_tengah
418,Gussi,Chrestien,gchrestienbl@senate.gov,F,Crime,31,89145984,High,3,banten
419,Lewiss,Barrie,lbarriebm@google.ru,M,Crime,51,43854119,High,5,kep_ bangka belitung
420,Sawyer,Matei,smateibn@google.pl,M,Crime,37,84402381,High,1,nusa_tenggara_timur
421,Laural,Selby,lselbybo@friendfeed.com,F,Crime,29,81558722,High,2,sulawesi_selatan
422,Netti,Stearne,nstearnebp@alibaba.com,F,Crime,51,67088144,High,1,gorontalo
423,Dasi,Hallwood,dhallwoodbq@adobe.com,F,Crime,16,3258107,Low,0,sulawesi_selatan
424,Fania,Lowson,flowsonbr@hp.com,F,Crime,44,68514803,High,4,sumatera_barat
425,Ashley,Wharby,awharbybs@xrea.com,M,Crime,17,13774815,High,7,di_yogyakarta
426,Rosco,Curd,rcurdbt@mac.com,M,Crime,25,44179615,High,5,jambi
427,Dalenna,Kilfeder,dkilfederbu@vk.com,F,Crime,22,26437688,High,5,kep_ riau
428,Mercy,Crotch,mcrotchbv@arstechnica.com,F,Crime,21,67086725,High,7,sulawesi_selatan
429,Lynna,Sickamore,lsickamorebw@themeforest.net,F,Crime,23,99533838,High,6,banten
430,Hercules,MacKibbon,hmackibbonbx@purevolume.com,M,Crime,38,80485650,High,10,maluku
431,Ware,Powles,wpowlesby@scribd.com,M,Crime,14,55437774,High,9,kalimantan_timur
432,Marjy,Ludy,mludybz@vk.com,F,Crime,41,47595788,High,1,kalimantan_tengah
433,Stephanus,Sibbons,ssibbonsc0@wordpress.com,M,Crime,33,92424237,High,9,papua_barat
434,Judith,Lardnar,jlardnarc1@bbc.co.uk,F,Crime,33,54897583,High,2,bali
435,Rudiger,Greenhaugh,rgreenhaughc2@artisteer.com,M,Crime,31,17494275,High,4,sumatera_utara
436,Lynea,Tuddenham,ltuddenhamc3@tripadvisor.com,F,Crime,28,89716151,High,1,aceh
437,Whittaker,Gosalvez,wgosalvezc4@nymag.com,M,Crime,37,10935909,High,7,kalimantan_timur
438,Tudor,Prescott,tprescottc5@mapquest.com,M,Crime,14,40366719,High,8,aceh
439,Say,Stode,sstodec6@deliciousdays.com,M,Crime,36,47470751,High,9,sulawesi_utara
440,Onofredo,Hatfield,ohatfieldc7@unblog.fr,M,Crime,15,18287299,High,6,sulawesi_tengah
441,Sterne,Rupke,srupkec8@apple.com,M,Crime,41,4992911,Low,6,papua_barat
442,Conni,Belloch,cbellochc9@whitehouse.gov,F,Crime,52,6345521,Middle,6,maluku
443,Kristel,Dolton,kdoltonca@t-online.de,F,Crime,41,19340395,High,9,sumatera_barat
444,Huntlee,Mugleston,hmuglestoncb@theglobeandmail.com,M,Crime,19,56365122,High,1,kalimantan_utara
445,Adda,Garahan,agarahancc@privacy.gov.au,F,Crime,21,52969523,High,4,kep_ riau
446,Javier,Ripley,jripleycd@apple.com,M,Crime,13,55961830,High,3,sulawesi_utara
447,Cleon,Maylor,cmaylorce@phpbb.com,M,Crime,51,17645807,High,8,kep_ bangka belitung
448,Brana,Ferries,bferriescf@ask.com,F,Crime,20,46808787,High,7,banten
449,Alvinia,Dahlberg,adahlbergcg@nsw.gov.au,F,Crime,39,17868135,High,8,jawa_barat
450,Abagail,Calow,acalowch@e-recht24.de,F,Crime,52,26371454,High,5,sulawesi_barat
451,Timmy,Biaggi,tbiaggici@sitemeter.com,M,Crime,28,35496712,High,1,kalimantan_tengah
452,Salli,Goldspink,sgoldspinkcj@prlog.org,F,Crime,49,30211309,High,3,kalimantan_utara
453,Manolo,Swinglehurst,mswinglehurstck@java.com,M,Crime,23,46550950,High,3,sulawesi_tenggara
454,Krystal,Langhorne,klanghornecl@furl.net,F,Crime,25,55215097,High,5,maluku_utara
455,Lexi,Castagnaro,lcastagnarocm@rambler.ru,F,Crime,34,10899753,High,0,sumatera_selatan
456,Berkeley,Dawbery,bdawberycn@intel.com,M,Crime,18,80009807,High,0,bengkulu
457,Joyann,Dandison,jdandisonco@addthis.com,F,Crime,23,34957900,High,8,jambi
458,Anatole,Govett,agovettcp@kickstarter.com,M,Crime,40,79567015,High,5,papua_barat
459,Rickard,Lebbon,rlebboncq@mashable.com,M,Crime,17,29686798,High,2,kep_ riau
460,Klara,Grattage,kgrattagecr@google.it,F,Crime,34,85467114,High,1,bali
461,Odey,Rops,oropscs@e-recht24.de,M,Crime,37,96600287,High,10,papua_barat
462,Yasmin,Getsham,ygetshamct@furl.net,F,Crime,28,16284391,High,4,nusa_tenggara_timur
463,Hubert,Streader,hstreadercu@about.com,M,Crime,17,83478914,High,3,jawa_timur
464,Nicki,Roubeix,nroubeixcv@google.ru,F,Crime,16,18571823,High,6,sulawesi_tenggara
465,Austina,Raspin,araspincw@naver.com,F,Crime,28,39155317,High,5,sulawesi_tenggara
466,Rourke,Daniaud,rdaniaudcx@yandex.ru,M,Crime,40,81640616,High,8,gorontalo
467,Maurine,Butten,mbuttency@prnewswire.com,F,Crime,42,89997174,High,9,bengkulu
468,Zsa zsa,Keyme,zkeymecz@wired.com,F,Crime,40,37179157,High,10,kep_ riau
469,Suellen,Sture,sstured0@theglobeandmail.com,F,Crime,38,57302869,High,3,maluku_utara
470,Lenette,Rushmere,lrushmered1@infoseek.co.jp,F,Crime,17,71937067,High,1,sumatera_barat
471,Abelard,Kellie,akellied2@biglobe.ne.jp,M,Crime,51,30369123,High,5,jambi
472,Quinn,Harme,qharmed3@devhub.com,M,Crime,32,78728195,High,3,jambi
473,Fax,Pogosian,fpogosiand4@youtu.be,M,Crime,47,87603550,High,9,kep_ riau
474,Veronika,Doerr,vdoerrd5@nhs.uk,F,Crime,47,86931448,High,0,sulawesi_selatan
475,Gigi,Greatex,ggreatexd6@cam.ac.uk,F,Crime,17,32177785,High,8,papua
476,Noby,Spilsburie,nspilsburied7@nhs.uk,M,Crime,45,91569074,High,6,di_yogyakarta
477,Moss,Duberry,mduberryd8@youtube.com,M,Crime,43,92598810,High,0,lampung
478,Maye,Cundict,mcundictd9@oaic.gov.au,F,Crime,18,65306313,High,4,gorontalo
479,Spence,Sage,ssageda@weibo.com,M,Crime,46,26627617,High,7,kalimantan_tengah
480,Toinette,Razzell,trazzelldb@ibm.com,F,Crime,18,89505262,High,8,kep_ bangka belitung
481,Gabriele,Dietzler,gdietzlerdc@state.gov,M,Crime,30,72042644,High,4,banten
482,Eddi,Vittle,evittledd@ebay.com,F,Crime,45,42460391,High,4,papua_barat
893,Babs,Brophy,bbrophyos@liveinternet.ru,F,Culture,22,93897528,High,1,sulawesi_barat
483,Viva,Hemmingway,vhemmingwayde@dyndns.org,F,Documentary,30,75105912,High,6,jawa_timur
484,Amandi,Figure,afiguredf@blogspot.com,F,Documentary,28,26165899,High,10,jambi
485,Jodie,Waiton,jwaitondg@mysql.com,M,Documentary,36,4876427,Low,3,sulawesi_barat
486,Hughie,Renowden,hrenowdendh@slideshare.net,M,Documentary,41,52497085,High,1,dki_jakarta
487,Dorise,Ricks,dricksdi@hostgator.com,F,Documentary,32,52538689,High,10,kalimantan_timur
488,Shawnee,Robbings,srobbingsdj@comsenz.com,F,Documentary,20,80517898,High,5,di_yogyakarta
489,Aymer,Magson,amagsondk@ucsd.edu,M,Documentary,13,12613469,High,1,lampung
490,Opaline,Meus,omeusdl@bravesites.com,F,Documentary,52,25689089,High,8,kalimantan_selatan
491,Homer,Antoniutti,hantoniuttidm@omniture.com,M,Documentary,42,2585498,Low,7,gorontalo
492,Addison,Bertouloume,abertouloumedn@123-reg.co.uk,M,Documentary,24,18217282,High,1,kalimantan_tengah
493,Mick,Shapiro,mshapirodo@sun.com,M,Documentary,52,21643972,High,0,banten
494,Eleen,Vercruysse,evercruyssedp@1688.com,F,Documentary,37,6888683,Middle,0,kep_ bangka belitung
495,Gabriella,Ripsher,gripsherdq@about.me,F,Documentary,22,89366453,High,7,aceh
496,Camella,Artharg,carthargdr@xing.com,F,Documentary,24,67086792,High,10,nusa_tenggara_timur
497,Michel,Domek,mdomekds@tumblr.com,F,Documentary,19,17787289,High,0,kep_ riau
498,Misha,Jeandin,mjeandindt@google.fr,F,Documentary,52,75733721,High,7,kep_ bangka belitung
499,Allyn,Donovan,adonovandu@bravesites.com,M,Documentary,21,2553416,Low,6,nusa_tenggara_timur
500,Anabel,Ship,ashipdv@lulu.com,F,Documentary,29,71282771,High,6,sulawesi_utara
501,Van,Hullah,vhullahdw@reverbnation.com,F,Documentary,25,67113569,High,7,bengkulu
502,Gerri,Dimitresco,gdimitrescodx@google.cn,F,Documentary,37,6898899,Middle,1,jawa_tengah
503,Booth,Hurley,bhurleydy@meetup.com,M,Documentary,25,13188157,High,9,riau
504,Gordie,Jaeggi,gjaeggidz@godaddy.com,M,Documentary,30,65278833,High,4,kalimantan_tengah
505,Britt,McCurt,bmccurte0@cam.ac.uk,M,Documentary,19,95805063,High,1,banten
506,Ann-marie,Orrom,aorrome1@shinystat.com,F,Documentary,25,69403393,High,5,sumatera_selatan
507,Lucho,Brickhill,lbrickhille2@about.com,M,Documentary,46,43869759,High,7,kep_ bangka belitung
508,Marj,Bevens,mbevense3@europa.eu,F,Documentary,30,85681514,High,0,di_yogyakarta
509,Steward,McClean,smccleane4@accuweather.com,M,Documentary,40,17323940,High,9,kalimantan_timur
510,Drucill,Whordley,dwhordleye5@about.me,F,Documentary,25,53751155,High,10,kep_ riau
511,Warden,Endle,wendlee6@google.co.jp,M,Documentary,14,73598884,High,5,kalimantan_utara
512,Lilia,Simonson,lsimonsone7@google.es,F,Documentary,24,30700402,High,8,sumatera_selatan
513,Allan,O'Cooney,aocooneye8@forbes.com,M,Documentary,30,20871555,High,9,sumatera_utara
514,Levi,Mann,lmanne9@apache.org,M,Documentary,42,56569211,High,10,jawa_barat
515,Adena,Wooder,awooderea@geocities.com,F,Documentary,25,8456600,Middle,6,sulawesi_selatan
516,Adel,Giacovetti,agiacovettieb@biglobe.ne.jp,F,Documentary,18,4404439,Low,7,kep_ bangka belitung
517,Jerri,Crosfield,jcrosfieldec@theatlantic.com,M,Documentary,36,84413172,High,6,sulawesi_utara
518,Bernadine,Manton,bmantoned@kickstarter.com,F,Documentary,30,63024667,High,9,kalimantan_tengah
519,Dusty,Whiskin,dwhiskinee@shop-pro.jp,F,Documentary,27,93165579,High,7,jambi
520,Raymund,Proby,rprobyef@china.com.cn,M,Documentary,41,70008320,High,6,nusa_tenggara_barat
521,Norby,Ragbourn,nragbourneg@unicef.org,M,Documentary,44,15994442,High,3,jambi
522,Skippy,Simanenko,ssimanenkoeh@cpanel.net,M,Documentary,27,38188830,High,9,jambi
523,Aloin,Cordaroy,acordaroyei@nifty.com,M,Documentary,24,78286428,High,6,kalimantan_barat
524,Farrell,Cater,fcaterej@phoca.cz,M,Documentary,20,20356425,High,9,sulawesi_selatan
525,Minta,Scattergood,mscattergoodek@scribd.com,F,Documentary,29,9033573,Middle,1,sumatera_barat
526,Madlen,Dearl,mdearlel@xrea.com,F,Documentary,34,55470452,High,2,banten
527,Ned,Tellwright,ntellwrightem@unblog.fr,M,Documentary,18,73775059,High,7,banten
528,Zebadiah,Offner,zoffneren@fema.gov,M,Documentary,52,17740595,High,10,kalimantan_tengah
529,Beltran,Soame,bsoameeo@telegraph.co.uk,M,Documentary,34,60780730,High,7,nusa_tenggara_timur
530,Boniface,Barbe,bbarbeep@taobao.com,M,Documentary,23,14525328,High,0,gorontalo
531,Bradford,Lechelle,blechelleeq@jimdo.com,M,Documentary,42,51979108,High,3,lampung
532,Engelbert,Filippi,efilippier@behance.net,M,Documentary,40,59627592,High,8,jawa_barat
533,Nelson,Stoade,nstoadees@uol.com.br,M,Documentary,49,81453370,High,1,kalimantan_timur
534,Tamarra,Lorimer,tlorimeret@ft.com,F,Documentary,50,28946311,High,7,sumatera_utara
535,Morrie,Vonderdell,mvonderdelleu@buzzfeed.com,M,Documentary,27,86141730,High,4,gorontalo
536,Lindi,Dumphreys,ldumphreysev@t.co,F,Documentary,46,64469099,High,7,papua
537,Van,Allaway,vallawayew@jalbum.net,F,Documentary,32,40584861,High,10,sumatera_utara
538,Rutter,Hampson,rhampsonex@odnoklassniki.ru,M,Documentary,20,95967495,High,7,jawa_timur
539,Lisbeth,Stockdale,lstockdaleey@theatlantic.com,F,Documentary,18,80534945,High,0,dki_jakarta
540,Helli,Murrells,hmurrellsez@fotki.com,F,Documentary,27,90814154,High,0,maluku_utara
541,Aidan,Presdee,apresdeef0@sakura.ne.jp,F,Documentary,48,79826448,High,4,bali
542,Lilyan,Whitcher,lwhitcherf1@edublogs.org,F,Documentary,32,21265482,High,0,jawa_tengah
543,Charlotte,McAline,cmcalinef2@toplist.cz,F,Documentary,46,13091067,High,5,nusa_tenggara_timur
544,Dewain,Stanners,dstannersf3@telegraph.co.uk,M,Documentary,40,90955363,High,2,kalimantan_tengah
545,Lesli,Domenge,ldomengef4@answers.com,F,Documentary,30,8319138,Middle,10,lampung
546,Allyn,Hynde,ahyndef5@ucla.edu,F,Documentary,50,40123421,High,8,nusa_tenggara_barat
547,Nonna,Overill,noverillf6@shop-pro.jp,F,Documentary,51,25167817,High,2,sulawesi_barat
548,Avictor,Flynn,aflynnf7@webnode.com,M,Documentary,13,21749843,High,8,sulawesi_selatan
549,Orville,Kinnear,okinnearf8@studiopress.com,M,Documentary,37,47665952,High,6,sulawesi_tenggara
550,Florance,Dmisek,fdmisekf9@alibaba.com,F,Documentary,23,66434233,High,10,nusa_tenggara_timur
551,Rolfe,Dibner,rdibnerfa@vkontakte.ru,M,Documentary,18,36318829,High,1,jawa_timur
552,Reilly,Lehemann,rlehemannfb@dmoz.org,M,Documentary,36,27568488,High,2,maluku_utara
553,Corabelle,de Wilde,cdewildefc@merriam-webster.com,F,Documentary,24,15031380,High,8,maluku
554,Yetty,Mauser,ymauserfd@netscape.com,F,Documentary,39,55341670,High,10,dki_jakarta
555,Avigdor,Silby,asilbyfe@cnn.com,M,Documentary,39,12886553,High,2,kalimantan_utara
556,Kev,Lapwood,klapwoodff@twitter.com,M,Documentary,40,80004678,High,6,kalimantan_utara
557,Lurlene,Ledrun,lledrunfg@narod.ru,F,Documentary,34,21242087,High,1,sulawesi_utara
558,Hoyt,Simoncini,hsimoncinifh@squarespace.com,M,Documentary,37,84064310,High,1,kalimantan_tengah
559,My,Calender,mcalenderfi@about.com,M,Documentary,39,81912732,High,9,sulawesi_selatan
560,Madelina,Jackson,mjacksonfj@163.com,F,Documentary,13,54939211,High,1,nusa_tenggara_timur
561,Ferrel,Vankov,fvankovfk@weather.com,M,Documentary,18,61243574,High,1,jawa_barat
562,Val,Panting,vpantingfl@goo.gl,M,Documentary,14,59194781,High,10,jambi
563,Mignon,Oglevie,mogleviefm@pcworld.com,F,Documentary,47,91124411,High,0,nusa_tenggara_timur
564,Reggy,Deadman,rdeadmanfn@youtu.be,M,Documentary,52,8492887,Middle,9,nusa_tenggara_timur
565,Dulci,Brownsey,dbrownseyfo@nydailynews.com,F,Documentary,17,10986396,High,3,maluku
566,Chaddy,Willshire,cwillshirefp@blog.com,M,Documentary,48,71115241,High,9,kep_ bangka belitung
567,Barnett,Christofle,bchristoflefq@i2i.jp,M,Documentary,14,94944809,High,9,jawa_timur
568,Jerry,Packwood,jpackwoodfr@howstuffworks.com,F,Documentary,24,19287523,High,9,aceh
569,Clayborne,Ferneyhough,cferneyhoughfs@diigo.com,M,Documentary,40,96145072,High,3,kalimantan_selatan
570,Dru,Siddon,dsiddonft@linkedin.com,M,Documentary,20,63834820,High,1,lampung
571,Gustave,Ochterlonie,gochterloniefu@soundcloud.com,M,Documentary,33,83719263,High,9,sulawesi_tenggara
572,Shelley,Paget,spagetfv@earthlink.net,M,Documentary,49,78366311,High,4,sulawesi_utara
573,Salmon,Windress,swindressfw@hp.com,M,Documentary,20,65304555,High,4,nusa_tenggara_barat
574,Constantino,Gurr,cgurrfx@wix.com,M,Documentary,23,82786451,High,1,kalimantan_utara
575,Cindy,Stansby,cstansbyfy@macromedia.com,F,Documentary,15,94505180,High,8,sulawesi_tengah
576,Robinet,Snowman,rsnowmanfz@netvibes.com,F,Documentary,37,50729113,High,1,riau
577,Dudley,Grigoliis,dgrigoliisg0@quantcast.com,M,Documentary,23,95592691,High,2,maluku_utara
578,Aguie,Tapper,atapperg1@engadget.com,M,Documentary,13,93326731,High,5,maluku
579,Petunia,Jedras,pjedrasg2@bravesites.com,F,Documentary,23,19748920,High,3,lampung
580,Hamlin,Fredi,hfredig3@ameblo.jp,M,Documentary,35,69465395,High,5,papua_barat
581,Renee,Skala,rskalag4@scientificamerican.com,F,Documentary,48,84603046,High,2,jawa_tengah
582,Venita,Jeanesson,vjeanessong5@washingtonpost.com,F,Documentary,19,4456672,Low,4,sumatera_barat
583,Marylin,Laxe,mlaxeg6@plala.or.jp,F,Documentary,40,31551770,High,7,jawa_barat
584,Dom,Hazael,dhazaelg7@elpais.com,M,Drama,24,23283561,High,4,nusa_tenggara_barat
585,Jermaine,Skain,jskaing8@people.com.cn,F,Drama,34,19203264,High,9,gorontalo
586,Leslie,Titchen,ltitcheng9@ca.gov,F,Drama,22,6757326,Middle,7,sumatera_selatan
587,Roxanne,Coath,rcoathga@mysql.com,F,Drama,15,67569669,High,3,jawa_tengah
588,Arlen,Bussens,abussensgb@ask.com,F,Drama,38,8838970,Middle,5,riau
589,Sheena,Quimby,squimbygc@umich.edu,F,Drama,18,87864486,High,3,sulawesi_tengah
590,Quinn,Abdie,qabdiegd@reference.com,F,Drama,20,12450267,High,9,kalimantan_tengah
591,Bruno,Allin,ballinge@odnoklassniki.ru,M,Drama,31,68749643,High,1,banten
592,Xylia,Jaggers,xjaggersgf@reddit.com,F,Drama,21,28523047,High,10,kalimantan_barat
593,Fanny,Beeken,fbeekengg@sakura.ne.jp,F,Drama,49,88467768,High,1,papua
594,Devlen,Sketh,dskethgh@marriott.com,M,Drama,30,76884444,High,8,kalimantan_selatan
595,Alethea,Schubert,aschubertgi@nih.gov,F,Drama,36,11089879,High,7,nusa_tenggara_barat
596,Moe,Aughtie,maughtiegj@hatena.ne.jp,M,Drama,34,70992685,High,2,kalimantan_selatan
597,Tannie,Ivamy,tivamygk@blog.com,M,Drama,38,25555427,High,8,sulawesi_utara
598,Toddy,Fairburn,tfairburngl@artisteer.com,M,Drama,23,64742773,High,7,jambi
599,Therese,Coverly,tcoverlygm@tripod.com,F,Drama,37,80868643,High,10,sumatera_utara
600,Oran,Korda,okordagn@instagram.com,M,Drama,44,51139909,High,8,sulawesi_barat
601,Maura,Musgrove,mmusgrovego@hud.gov,F,Drama,16,26991077,High,5,jawa_timur
602,Ruben,Lightowlers,rlightowlersgp@xing.com,M,Drama,19,73596263,High,5,bali
603,Jill,Rickwood,jrickwoodgq@deviantart.com,F,Drama,51,48031916,High,3,kalimantan_tengah
604,Michel,Orleton,morletongr@de.vu,M,Drama,39,4464544,Low,1,kep_ bangka belitung
605,Nicole,Edney,nedneygs@gnu.org,F,Drama,34,86968023,High,7,papua_barat
606,Gabbi,Hender,ghendergt@usda.gov,F,Drama,35,56100389,High,6,kep_ bangka belitung
607,Sherie,Coolbear,scoolbeargu@homestead.com,F,Drama,38,89252416,High,8,di_yogyakarta
608,Haze,Chalfant,hchalfantgv@hexun.com,M,Drama,18,64758107,High,1,jawa_tengah
609,Grover,Aitchinson,gaitchinsongw@over-blog.com,M,Drama,44,81868004,High,9,sulawesi_tenggara
610,Mychal,Hassent,mhassentgx@google.com.au,M,Drama,51,10722411,High,10,jawa_timur
611,Stevie,Whodcoat,swhodcoatgy@mozilla.org,M,Drama,14,71011034,High,3,jawa_barat
612,Claudianus,Fonzo,cfonzogz@google.de,M,Drama,40,77943421,High,9,jambi
613,Ritchie,Goodlatt,rgoodlatth0@trellian.com,M,Drama,26,93727374,High,9,kalimantan_selatan
614,Lynea,Obee,lobeeh1@oaic.gov.au,F,Drama,34,77766429,High,10,kalimantan_tengah
615,Janie,Menichillo,jmenichilloh2@bbc.co.uk,F,Drama,16,36489506,High,7,kalimantan_utara
616,Clarinda,Meadus,cmeadush3@diigo.com,F,Drama,22,88720574,High,1,sulawesi_tenggara
617,Gualterio,Firminger,gfirmingerh4@hubpages.com,M,Drama,46,37369407,High,4,sumatera_utara
618,Dori,Wieprecht,dwieprechth5@rediff.com,F,Drama,43,43591321,High,10,sumatera_barat
619,Thomas,Kilian,tkilianh6@mtv.com,M,Drama,24,89643759,High,4,kalimantan_barat
620,Madelene,Portugal,mportugalh7@ebay.co.uk,F,Drama,39,39902900,High,9,sulawesi_tenggara
621,Alfonso,Ibbetson,aibbetsonh8@smh.com.au,M,Drama,37,65424308,High,9,sumatera_utara
622,Andreana,Hedman,ahedmanh9@twitpic.com,F,Drama,37,86845354,High,7,kep_ riau
623,Janith,Maps,jmapsha@cbsnews.com,F,Drama,27,73420792,High,5,jawa_barat
624,Dario,O'Brogan,dobroganhb@eventbrite.com,M,Drama,19,92413193,High,10,jambi
625,Carola,Chitham,cchithamhc@apple.com,F,Drama,29,54350328,High,10,kalimantan_selatan
626,Darin,Vizard,dvizardhd@msn.com,M,Drama,17,89337675,High,2,sulawesi_tengah
627,Violetta,Ettritch,vettritchhe@woothemes.com,F,Drama,50,21258298,High,1,papua_barat
628,Clemens,Chitham,cchithamhf@ucsd.edu,M,Drama,31,89367846,High,5,nusa_tenggara_timur
629,Wiley,Dalrymple,wdalrymplehg@mail.ru,M,Drama,18,74988559,High,7,bengkulu
630,Darcy,Poter,dpoterhh@squarespace.com,F,Drama,51,47928462,High,0,sumatera_barat
631,Cindelyn,Huguenet,chuguenethi@bing.com,F,Drama,30,77080357,High,7,aceh
632,Esther,Ambrodi,eambrodihj@constantcontact.com,F,Drama,43,16667493,High,8,lampung
633,Sue,Scobbie,sscobbiehk@163.com,F,Drama,17,36443191,High,10,papua_barat
634,Harp,Brasner,hbrasnerhl@forbes.com,M,Drama,52,87587184,High,3,di_yogyakarta
635,Alford,Goalby,agoalbyhm@altervista.org,M,Drama,24,93824770,High,6,sulawesi_utara
636,Zolly,Steptowe,zsteptowehn@cafepress.com,M,Drama,28,76816140,High,6,kep_ riau
637,Winni,Brocklebank,wbrocklebankho@wix.com,F,Drama,35,52116178,High,3,banten
638,Dulcea,Shirland,dshirlandhp@kickstarter.com,F,Drama,44,75098325,High,2,jawa_timur
639,Zaccaria,Land,zlandhq@bloomberg.com,M,Drama,33,10967829,High,1,jawa_timur
640,Margalo,Jannaway,mjannawayhr@shop-pro.jp,F,Drama,17,64928833,High,6,jawa_barat
641,Ashleigh,Roiz,aroizhs@woothemes.com,F,Drama,18,81669441,High,5,kep_ bangka belitung
642,Torr,Trowel,ttrowelht@cloudflare.com,M,Drama,30,75597210,High,5,sulawesi_barat
643,Terrel,Rohlf,trohlfhu@goodreads.com,M,Drama,29,74270501,High,9,kalimantan_utara
644,Giustino,Leyband,gleybandhv@flickr.com,M,Drama,51,26112374,High,1,lampung
645,Staci,Frohock,sfrohockhw@unblog.fr,F,Drama,47,2611315,Low,6,jawa_barat
646,Lexine,Kassel,lkasselhx@prnewswire.com,F,Drama,29,35833703,High,6,jawa_barat
647,Eberhard,Aldin,ealdinhy@adobe.com,M,Drama,17,40824197,High,7,riau
648,Lilias,Brendish,lbrendishhz@umn.edu,F,Drama,22,38588956,High,9,maluku_utara
649,Saw,Ascroft,sascrofti0@histats.com,M,Drama,37,48509404,High,3,jawa_tengah
650,Angel,Pryell,apryelli1@unblog.fr,F,Drama,52,2094917,Low,10,jawa_timur
651,Inna,Ogles,ioglesi2@home.pl,F,Drama,24,77256159,High,10,maluku_utara
652,Fey,Mussotti,fmussottii3@reddit.com,F,Drama,37,70099382,High,1,aceh
653,Amble,Reimer,areimeri4@washingtonpost.com,M,Drama,46,6943266,Middle,3,maluku
654,Brocky,Lewer,bleweri5@aboutads.info,M,Drama,46,66372395,High,1,jawa_tengah
655,Rosabella,Keogh,rkeoghi6@theatlantic.com,F,Drama,51,17821567,High,3,sulawesi_selatan
656,Robin,Douthwaite,rdouthwaitei7@wp.com,F,Drama,34,24464498,High,1,lampung
657,Marsiella,Damrell,mdamrelli8@nytimes.com,F,Drama,35,17071731,High,3,kep_ bangka belitung
658,Corrine,Paynes,cpaynesi9@comsenz.com,F,Drama,27,28864148,High,9,sulawesi_barat
659,Dion,Waeland,dwaelandia@npr.org,M,Drama,20,33828894,High,6,maluku_utara
660,Lief,Zammitt,lzammittib@china.com.cn,M,Drama,17,35221591,High,8,di_yogyakarta
661,Lindsey,Vale,lvaleic@paypal.com,M,Drama,34,32071208,High,3,papua
662,Rana,Duval,rduvalid@yelp.com,F,Drama,42,78397781,High,2,papua_barat
663,Idalia,Proudman,iproudmanie@marriott.com,F,Drama,36,43449057,High,1,nusa_tenggara_barat
664,Camel,Boothby,cboothbyif@prlog.org,F,Drama,40,7274586,Middle,4,lampung
665,Rabbi,Adnams,radnamsig@i2i.jp,M,Drama,49,72695194,High,0,jawa_timur
666,Cecil,Guidini,cguidiniih@vistaprint.com,F,Drama,36,43890219,High,6,jawa_timur
667,Johnnie,Lanphier,jlanphierii@princeton.edu,M,Drama,34,69254940,High,9,bengkulu
668,Clarissa,Faulkes,cfaulkesij@dagondesign.com,F,Drama,29,64189487,High,1,sumatera_utara
669,Lavina,Wherton,lwhertonik@bandcamp.com,F,Drama,35,5315350,Middle,7,papua_barat
670,Tracey,Arnhold,tarnholdil@parallels.com,M,Drama,24,55758101,High,4,papua
671,Katti,Dunhill,kdunhillim@irs.gov,F,Drama,24,86250557,High,6,sulawesi_utara
672,Hyacinth,Kitman,hkitmanin@nba.com,F,Drama,21,7105349,Middle,3,jawa_timur
673,Livvy,Riley,lrileyio@g.co,F,Drama,19,43696672,High,9,maluku_utara
674,Al,Bruyns,abruynsip@liveinternet.ru,M,Drama,22,12208032,High,9,dki_jakarta
675,Euphemia,Kilfether,ekilfetheriq@scientificamerican.com,F,Drama,19,46635992,High,6,kalimantan_selatan
676,Worden,Ledwith,wledwithir@123-reg.co.uk,M,Drama,20,19343509,High,9,bali
677,Bette-ann,Sieghard,bsieghardis@ca.gov,F,Drama,42,14926699,High,5,lampung
678,Roldan,Silkston,rsilkstonit@mediafire.com,M,Drama,23,97195995,High,5,maluku_utara
679,Ailee,McArthur,amcarthuriu@apache.org,F,Drama,50,55849639,High,8,di_yogyakarta
680,Deb,Gainsboro,dgainsboroiv@github.io,F,Drama,14,17627831,High,4,jawa_timur
681,Hermy,Druery,hdrueryiw@artisteer.com,M,Drama,22,67614790,High,6,sumatera_barat
682,Wilbur,Lerner,wlernerix@mtv.com,M,Drama,34,65701433,High,6,jawa_timur
683,Wilhelmine,Desaur,wdesauriy@tumblr.com,F,Drama,19,48977457,High,10,sulawesi_utara
684,Ranique,McGahey,rmcgaheyiz@irs.gov,F,Drama,42,27500000,High,7,jawa_tengah
685,Jeff,Guerrin,jguerrinj0@amazon.co.uk,M,Drama,25,79086319,High,2,dki_jakarta
686,Reggy,Ruggen,rruggenj1@google.com.br,M,Drama,36,70219813,High,0,sulawesi_selatan
687,Briny,Neles,bnelesj2@telegraph.co.uk,F,Drama,26,25899462,High,10,jawa_tengah
688,Jayne,Di Angelo,jdiangeloj3@blogs.com,F,Drama,21,44532850,High,10,di_yogyakarta
689,Duane,Dzeniskevich,ddzeniskevichj4@networkadvertising.org,M,Drama,40,11278219,High,6,lampung
690,Bailey,Crane,bcranej5@auda.org.au,M,Drama,41,58812115,High,4,aceh
691,Lydon,Blum,lblumj6@naver.com,M,Drama,21,9299842,Middle,2,aceh
692,Olympie,Henbury,ohenburyj7@twitpic.com,F,Drama,18,77569715,High,10,kalimantan_utara
693,Lilllie,Crose,lcrosej8@statcounter.com,F,Drama,36,90300419,High,8,lampung
694,Cammie,Merman,cmermanj9@wordpress.com,F,Drama,34,4808217,Low,8,sulawesi_tenggara
695,Margot,Ilewicz,milewiczja@newsvine.com,F,Drama,30,74697451,High,3,sulawesi_selatan
696,Adah,Sarrell,asarrelljb@uiuc.edu,F,Drama,44,43477444,High,1,kalimantan_timur
697,Ethelbert,Whyatt,ewhyattjc@ca.gov,M,Drama,32,56194967,High,7,riau
698,Walther,Pirson,wpirsonjd@elpais.com,M,Drama,17,62592932,High,7,kalimantan_barat
699,Rice,Calderbank,rcalderbankje@constantcontact.com,M,Drama,37,2984782,Low,7,dki_jakarta
700,Rosanna,Flory,rfloryjf@plala.or.jp,F,Drama,48,85222523,High,2,di_yogyakarta
701,Starr,McKeever,smckeeverjg@msu.edu,F,Drama,26,74352623,High,4,sumatera_barat
702,Wainwright,Lordon,wlordonjh@cam.ac.uk,M,Drama,45,98935170,High,2,kalimantan_selatan
703,Roselin,Swarbrigg,rswarbriggji@techcrunch.com,F,Drama,16,93731977,High,10,sumatera_utara
704,Theo,Dowry,tdowryjj@loc.gov,M,Drama,20,23357708,High,7,kalimantan_selatan
705,Dillie,Turbitt,dturbittjk@privacy.gov.au,M,Drama,52,33599164,High,3,maluku
706,Theo,Shields,tshieldsjl@msu.edu,F,Drama,13,17667344,High,3,papua_barat
707,Hunter,Revey,hreveyjm@mapquest.com,M,Drama,40,53335012,High,5,kalimantan_tengah
708,Eada,Orhtmann,eorhtmannjn@blogspot.com,F,Drama,30,40365384,High,9,sumatera_barat
709,Darlene,Douris,ddourisjo@google.nl,F,Drama,47,77760893,High,9,sulawesi_tengah
710,Dara,Ovey,doveyjp@wunderground.com,F,Drama,30,39819275,High,4,di_yogyakarta
711,Mia,Merritt,mmerrittjq@google.fr,F,Drama,28,42446820,High,5,bengkulu
712,Clareta,Attride,cattridejr@pbs.org,F,Drama,42,86285426,High,9,sulawesi_utara
713,Lucias,Ousby,lousbyjs@bloglines.com,M,Drama,30,61879265,High,2,sulawesi_tengah
714,Alanna,Camden,acamdenjt@symantec.com,F,Drama,22,42482557,High,4,nusa_tenggara_barat
715,Yard,Cornish,ycornishju@google.ru,M,Drama,37,63159182,High,7,papua_barat
716,Roxanna,Jacqueminot,rjacqueminotjv@cnn.com,F,Drama,17,99341206,High,6,aceh
717,Otha,Bulmer,obulmerjw@craigslist.org,F,Drama,32,78659012,High,2,sulawesi_selatan
718,Eduardo,Castellaccio,ecastellacciojx@bloomberg.com,M,Drama,19,86598132,High,0,kalimantan_timur
719,Ethyl,Seathwright,eseathwrightjy@hatena.ne.jp,F,Drama,51,27381316,High,9,aceh
720,Arney,Trace,atracejz@surveymonkey.com,M,Drama,35,66291811,High,8,kep_ riau
721,Major,Deakan,mdeakank0@a8.net,M,Drama,43,62750161,High,9,sulawesi_utara
722,Wylma,Jantzen,wjantzenk1@blogger.com,F,Drama,51,56392892,High,2,jawa_tengah
723,Kimbell,Shorland,kshorlandk2@wufoo.com,M,Drama,39,94132195,High,10,maluku
724,Riki,Kirwan,rkirwank3@google.cn,F,Drama,31,38691532,High,9,kalimantan_selatan
725,Dwayne,Boote,dbootek4@pagesperso-orange.fr,M,Drama,43,64613920,High,2,aceh
726,Jarrett,Gamblin,jgamblink5@ucla.edu,M,Drama,24,79863431,High,3,bali
727,Kata,Howie,khowiek6@nifty.com,F,Drama,44,66513727,High,9,riau
728,Letizia,Sutherland,lsutherlandk7@hhs.gov,F,Drama,15,14552883,High,10,sumatera_utara
729,Raymund,Rowantree,rrowantreek8@webs.com,M,Drama,30,82647647,High,4,banten
730,Liza,Mundow,lmundowk9@flickr.com,F,Drama,20,63815750,High,3,nusa_tenggara_timur
731,Silvie,McQuaid,smcquaidka@prlog.org,F,Drama,22,36622295,High,2,maluku
732,Wake,Proom,wproomkb@slashdot.org,M,Drama,35,48028218,High,3,banten
733,Allistir,Hovie,ahoviekc@icq.com,M,Drama,22,96158970,High,0,papua
734,Gayelord,Elner,gelnerkd@usatoday.com,M,Drama,51,46471023,High,5,nusa_tenggara_timur
735,Cortney,Frigot,cfrigotke@joomla.org,F,Drama,14,41286976,High,1,kalimantan_tengah
736,Israel,Coultar,icoultarkf@mit.edu,M,Drama,17,16611977,High,9,kep_ bangka belitung
737,Shaylynn,Aslet,sasletkg@sciencedirect.com,F,Drama,42,86747797,High,6,kep_ bangka belitung
738,Merrill,Sanz,msanzkh@yahoo.co.jp,F,Drama,39,63379191,High,4,sulawesi_utara
739,Alfons,Bubb,abubbki@fda.gov,M,Drama,20,78582594,High,9,kalimantan_tengah
740,Ulick,Fancutt,ufancuttkj@npr.org,M,Drama,43,47911354,High,5,kalimantan_timur
741,Kizzie,Rapson,krapsonkk@eepurl.com,F,Drama,49,18528470,High,5,sulawesi_barat
742,Rodina,Leggin,rlegginkl@multiply.com,F,Drama,13,18591410,High,3,bengkulu
743,Franklyn,Biddulph,fbiddulphkm@pbs.org,M,Drama,14,22397499,High,2,sumatera_utara
744,Teodorico,Linnemann,tlinnemannkn@linkedin.com,M,Drama,40,68355559,High,3,lampung
745,Rodrique,Foat,rfoatko@wisc.edu,M,Drama,23,10514522,High,1,kalimantan_utara
746,Giacomo,Meynell,gmeynellkp@icq.com,M,Drama,27,12081549,High,9,sulawesi_utara
747,Davis,McCrone,dmccronekq@businesswire.com,M,Drama,13,74628586,High,7,maluku_utara
748,Sukey,Persence,spersencekr@goo.ne.jp,F,Drama,40,79648568,High,5,nusa_tenggara_timur
749,Emmet,Tomeo,etomeoks@myspace.com,M,Drama,16,61328230,High,0,bengkulu
750,Dennie,Penni,dpennikt@simplemachines.org,F,Drama,28,13273896,High,5,maluku_utara
751,Evin,Thebes,ethebesku@cbslocal.com,M,Drama,52,24125961,High,7,kalimantan_tengah
752,Conrade,Peery,cpeerykv@plala.or.jp,M,Drama,27,22030748,High,8,banten
753,Perle,Makeswell,pmakeswellkw@hibu.com,F,Drama,18,89452333,High,1,sulawesi_utara
754,Ambrosius,Trippack,atrippackkx@icq.com,M,Drama,20,32595222,High,2,sulawesi_tenggara
755,Meaghan,Butterick,mbutterickky@amazon.com,F,Drama,47,60417156,High,1,riau
756,Nathanil,Greder,ngrederkz@exblog.jp,M,Drama,25,6259496,Middle,10,papua_barat
757,Raquel,Begent,rbegentl0@europa.eu,F,Drama,29,48248359,High,3,papua
758,Lonnie,Marcham,lmarchaml1@seesaa.net,F,Drama,40,13272147,High,3,sumatera_selatan
759,Sisely,Molan,smolanl2@fema.gov,F,Drama,39,89161558,High,6,kep_ bangka belitung
760,Meredith,Widdicombe,mwiddicombel3@craigslist.org,F,Drama,15,79544624,High,8,di_yogyakarta
761,Christa,Chase,cchasel4@yahoo.co.jp,F,Drama,33,25189287,High,4,sulawesi_barat
762,Angie,Dewdney,adewdneyl5@tuttocitta.it,M,Drama,32,51695593,High,7,sulawesi_utara
763,Myra,Siemianowicz,msiemianowiczl6@wufoo.com,F,Drama,46,78171102,High,3,jawa_barat
764,Hillier,Renfree,hrenfreel7@shinystat.com,M,Drama,26,80393160,High,8,sulawesi_tenggara
765,Gordie,Cecchetelli,gcecchetellil8@stumbleupon.com,M,Drama,39,92839342,High,6,sumatera_selatan
766,Garrek,Pluvier,gpluvierl9@google.co.jp,M,Drama,39,38425305,High,2,papua
767,Stefa,Perrinchief,sperrinchiefla@jiathis.com,F,Drama,41,12204961,High,5,kalimantan_timur
768,Sonny,Vossing,svossinglb@skype.com,M,Drama,43,2119286,Low,4,kep_ riau
769,Zelda,Pateman,zpatemanlc@fotki.com,F,Drama,32,31403355,High,4,jawa_timur
770,Jim,Badger,jbadgerld@netlog.com,M,Drama,38,90530521,High,1,sulawesi_utara
771,Kerwin,Kasperski,kkasperskile@sfgate.com,M,Drama,40,56877385,High,5,di_yogyakarta
772,Vivienne,Cathcart,vcathcartlf@answers.com,F,Drama,52,7549573,Middle,1,papua_barat
773,Ninon,Reven,nrevenlg@cloudflare.com,F,Drama,14,42761413,High,9,kalimantan_tengah
774,Shane,Peppard,speppardlh@about.me,F,Drama,23,88334974,High,4,di_yogyakarta
775,Frederich,Beranek,fberanekli@google.fr,M,Drama,18,10364655,High,8,bengkulu
776,Maressa,Slemmonds,mslemmondslj@ted.com,F,Drama,33,36069178,High,2,riau
777,Reinaldos,De Meyer,rdemeyerlk@webeden.co.uk,M,Drama,47,68546645,High,4,maluku
778,Aviva,Corneil,acorneilll@discuz.net,F,Drama,50,55195485,High,5,sumatera_selatan
779,Ainslie,Mould,amouldlm@blog.com,F,Drama,27,62487910,High,9,papua_barat
780,Tait,Algy,talgyln@acquirethisname.com,M,Drama,32,96114926,High,1,sumatera_selatan
781,Simmonds,Pietroni,spietronilo@soundcloud.com,M,Drama,45,27984372,High,5,sulawesi_utara
782,Deb,Barkes,dbarkeslp@geocities.jp,F,Drama,39,2234363,Low,8,papua_barat
783,Brandise,Nelson,bnelsonlq@comsenz.com,F,Drama,27,73094145,High,5,kalimantan_timur
784,Nissa,Wisson,nwissonlr@constantcontact.com,F,Drama,27,11898669,High,7,kep_ riau
785,Vale,Tebbit,vtebbitls@newyorker.com,F,Drama,50,79553652,High,4,sumatera_utara
786,Giles,Monnoyer,gmonnoyerlt@go.com,M,Drama,16,12011771,High,8,riau
787,Zorana,Brahmer,zbrahmerlu@ebay.co.uk,F,Drama,14,85866216,High,10,sulawesi_tengah
788,Joni,Clash,jclashlv@imdb.com,F,Drama,22,90600559,High,5,jawa_barat
789,Kissee,Paulmann,kpaulmannlw@ucla.edu,F,Drama,32,17961982,High,9,aceh
790,Sheree,Speer,sspeerlx@java.com,F,Drama,30,97669114,High,10,papua_barat
791,Monah,Stump,mstumply@miitbeian.gov.cn,F,Drama,38,84294686,High,1,maluku_utara
792,Cad,Aukland,cauklandlz@census.gov,M,Drama,19,35165085,High,7,kalimantan_selatan
793,Phyllis,Truwert,ptruwertm0@elegantthemes.com,F,Drama,45,29670613,High,5,kalimantan_timur
794,Lutero,Pummery,lpummerym1@skype.com,M,Drama,51,48258469,High,7,papua
795,Clarinda,Ghiotto,cghiottom2@paginegialle.it,F,Drama,24,72726922,High,9,lampung
796,Glenine,Ebben,gebbenm3@unc.edu,F,Drama,22,91852905,High,2,riau
797,Dyane,Burne,dburnem4@fastcompany.com,F,Drama,42,43766891,High,4,sulawesi_tengah
798,Emmy,Headech,eheadechm5@nbcnews.com,M,Drama,34,48722796,High,10,lampung
799,Mike,Eronie,meroniem6@pcworld.com,M,Drama,37,92799313,High,2,gorontalo
800,Moise,Tetford,mtetfordm7@reverbnation.com,M,Drama,27,57072540,High,1,jambi
801,Karlan,McGlynn,kmcglynnm8@google.com.au,M,Drama,44,92811259,High,7,sulawesi_utara
802,Faina,Jurisch,fjurischm9@mtv.com,F,Drama,20,93759729,High,8,kalimantan_tengah
803,Catie,Kern,ckernma@comcast.net,F,Drama,14,36473054,High,9,sulawesi_utara
804,Richard,Tillett,rtillettmb@squidoo.com,M,Drama,14,81764435,High,1,sulawesi_tengah
805,Cayla,Halsey,chalseymc@tripod.com,F,Drama,24,3262406,Low,8,bali
806,Kial,Avrahamoff,kavrahamoffmd@goo.ne.jp,F,Drama,14,68540524,High,9,jawa_tengah
807,Teodora,Daintree,tdaintreeme@census.gov,F,Drama,40,23139565,High,0,kep_ bangka belitung
808,Clemens,Robak,crobakmf@webs.com,M,Drama,21,44195189,High,7,nusa_tenggara_barat
809,Isidoro,Cinavas,icinavasmg@skype.com,M,Drama,34,31607447,High,3,jawa_timur
810,Pammi,Aleksandrov,paleksandrovmh@devhub.com,F,Drama,23,20091344,High,2,aceh
811,Gan,Hrinchenko,ghrinchenkomi@github.com,M,Drama,46,49601237,High,2,sulawesi_tenggara
812,Catrina,Girardet,cgirardetmj@sciencedirect.com,F,Drama,34,12065832,High,3,bengkulu
813,Adrea,Lamcken,alamckenmk@dropbox.com,F,Drama,42,25171623,High,7,kep_ bangka belitung
814,Crissie,Emson,cemsonml@mayoclinic.com,F,Drama,36,56956946,High,8,sumatera_barat
815,Otes,Cunnah,ocunnahmm@nifty.com,M,Drama,51,90501413,High,10,maluku_utara
816,Gaelan,Bradford,gbradfordmn@time.com,M,Drama,47,72021035,High,7,kalimantan_barat
817,Elonore,Pettisall,epettisallmo@ovh.net,F,Drama,27,45515060,High,1,riau
818,Doll,Denness,ddennessmp@photobucket.com,F,Drama,32,55514054,High,2,kep_ bangka belitung
819,Sarene,Scurlock,sscurlockmq@wiley.com,F,Drama,13,12871298,High,9,gorontalo
820,Markus,Ginger,mgingermr@vkontakte.ru,M,Drama,51,74415595,High,2,sulawesi_barat
821,Kristina,Bannell,kbannellms@sun.com,F,Drama,50,11113452,High,4,sulawesi_tengah
822,Jarrett,Dupree,jdupreemt@furl.net,M,Drama,26,56346812,High,9,sulawesi_tenggara
823,Aldis,Reyson,areysonmu@ovh.net,M,Drama,48,44176196,High,9,kalimantan_utara
824,Feliks,McCorkell,fmccorkellmv@symantec.com,M,Drama,18,58203175,High,5,lampung
825,Fey,Tear,ftearmw@qq.com,F,Drama,48,17371649,High,3,sulawesi_utara
826,Austen,Garvan,agarvanmx@stumbleupon.com,M,Drama,31,89189461,High,1,aceh
827,Jeniffer,McGee,jmcgeemy@cbslocal.com,F,Drama,36,39987503,High,1,gorontalo
828,Berni,Albone,balbonemz@mysql.com,F,Drama,22,2390703,Low,3,kep_ riau
829,Faulkner,Staten,fstatenn0@wikimedia.org,M,Drama,42,9711745,Middle,6,aceh
830,Marquita,Nicholes,mnicholesn1@yelp.com,F,Drama,37,42072212,High,6,kalimantan_utara
831,Kikelia,Dewberry,kdewberryn2@baidu.com,F,Drama,46,31438978,High,0,sulawesi_barat
832,Dalt,Garvey,dgarveyn3@youtube.com,M,Drama,24,43137694,High,3,gorontalo
833,Willetta,Battista,wbattistan4@mediafire.com,F,Drama,22,72057007,High,7,jawa_tengah
834,Hardy,Odgers,hodgersn5@cloudflare.com,M,Drama,15,55776455,High,3,sulawesi_tenggara
835,Branden,Hawken,bhawkenn6@histats.com,M,Drama,24,52149731,High,8,di_yogyakarta
836,Rem,Mayze,rmayzen7@chronoengine.com,M,Drama,37,78618254,High,3,kalimantan_timur
837,Emanuele,Gilmour,egilmourn8@cbc.ca,M,Drama,26,43310016,High,2,papua
838,Min,Hamberston,mhamberstonn9@yahoo.com,F,Drama,24,86448933,High,5,kep_ riau
839,Ethelbert,Ansill,eansillna@wunderground.com,M,Drama,28,18232385,High,7,sulawesi_selatan
840,Evvy,Londer,elondernb@naver.com,F,Drama,19,73242669,High,8,di_yogyakarta
841,Gardy,Alleyne,galleynenc@webeden.co.uk,M,Drama,50,13925288,High,1,jawa_tengah
842,Martainn,Pringour,mpringournd@jiathis.com,M,Drama,16,68319263,High,0,gorontalo
843,Angelita,Stadden,astaddenne@comcast.net,F,Drama,40,29411123,High,2,lampung
844,Car,Surtees,csurteesnf@ucsd.edu,M,Drama,19,4024845,Low,8,kep_ bangka belitung
845,Courtnay,Keohane,ckeohaneng@liveinternet.ru,M,Drama,30,27378836,High,7,kalimantan_timur
846,Beau,Dundridge,bdundridgenh@woothemes.com,M,Drama,48,70562628,High,10,maluku_utara
847,Purcell,Gofforth,pgofforthni@parallels.com,M,Drama,29,26354465,High,1,jawa_timur
848,Natal,Vineall,nvineallnj@gov.uk,M,Drama,14,7929592,Middle,0,maluku
849,Chrisy,Kinzett,ckinzettnk@blogtalkradio.com,M,Drama,16,73584654,High,0,papua_barat
850,Jorgan,Lau,jlaunl@gov.uk,M,Drama,34,12628594,High,5,jambi
851,Rochelle,Stringfellow,rstringfellownm@com.com,F,Drama,36,65471284,High,5,sumatera_barat
852,Etienne,Alvar,ealvarnn@tiny.cc,M,Drama,24,7911844,Middle,10,jawa_barat
853,Rhianon,Crufts,rcruftsno@tamu.edu,F,Drama,23,68931044,High,4,nusa_tenggara_timur
854,Simeon,Shevlan,sshevlannp@issuu.com,M,Drama,23,82869576,High,6,di_yogyakarta
855,Wood,Grigolashvill,wgrigolashvillnq@usnews.com,M,Drama,20,70674054,High,2,kalimantan_barat
856,Gavra,Lowthorpe,glowthorpenr@hatena.ne.jp,F,Drama,29,10508945,High,1,jawa_timur
857,Frasco,Callis,fcallisns@prlog.org,M,Drama,40,47388060,High,8,maluku
858,Guglielma,Mephan,gmephannt@flickr.com,F,Drama,17,33181557,High,7,nusa_tenggara_timur
859,Abby,Dreigher,adreighernu@slideshare.net,M,Drama,33,54259906,High,3,sulawesi_tengah
860,Morey,Croydon,mcroydonnv@unicef.org,M,Drama,26,93227806,High,3,sumatera_barat
861,Madelle,Coverdill,mcoverdillnw@deviantart.com,F,Drama,33,11565528,High,5,sumatera_utara
862,Jody,Partridge,jpartridgenx@mtv.com,F,Drama,49,69299386,High,9,kalimantan_tengah
863,Kip,Muzzlewhite,kmuzzlewhiteny@blogs.com,M,Drama,16,78712964,High,6,bengkulu
864,Si,Van der Spohr,svanderspohrnz@ucoz.ru,M,Drama,29,52521955,High,1,kalimantan_barat
865,Bernardine,Davison,bdavisono0@elpais.com,F,Drama,26,3334128,Low,1,kalimantan_utara
866,Billie,Hunt,bhunto1@sphinn.com,M,Drama,44,10518555,High,5,lampung
867,Dale,Corben,dcorbeno2@dailymail.co.uk,M,Drama,25,31616227,High,2,sulawesi_tengah
868,Micheal,Myers,mmyerso3@auda.org.au,M,Drama,44,59761376,High,2,papua
869,Raeann,Tavernor,rtavernoro4@wp.com,F,Economic,37,52268472,High,1,jawa_barat
870,Julian,MacArthur,jmacarthuro5@desdev.cn,M,Economic,46,87378796,High,8,papua
871,Otes,Rickaert,orickaerto6@usatoday.com,M,Economic,36,97184545,High,9,kalimantan_timur
872,Euell,Klimontovich,eklimontovicho7@addthis.com,M,Economic,26,22294486,High,1,sulawesi_tengah
873,Linet,Dangl,ldanglo8@surveymonkey.com,F,Economic,26,95736582,High,8,kalimantan_selatan
874,Frankie,Planque,fplanqueo9@google.ca,F,Economic,34,65996451,High,8,kep_ riau
875,Lambert,McGinnis,lmcginnisoa@va.gov,M,Economic,35,48279690,High,10,jawa_timur
876,Glyn,Crangle,gcrangleob@mit.edu,M,Economic,19,84954400,High,2,lampung
877,Etheline,Calles,ecallesoc@hp.com,F,Economic,27,63093876,High,4,sulawesi_selatan
878,Yorke,Bridden,ybriddenod@is.gd,M,Economic,22,47056650,High,3,papua
879,Appolonia,Boice,aboiceoe@go.com,F,Economic,32,70392211,High,5,papua_barat
880,Bird,Wauchope,bwauchopeof@squarespace.com,F,Economic,51,77846964,High,4,maluku_utara
881,Nicola,Pickburn,npickburnog@ameblo.jp,M,Economic,41,99647093,High,9,sumatera_barat
882,Ava,Boot,abootoh@mediafire.com,F,Economic,35,78997540,High,10,sulawesi_selatan
883,Woodie,Leonarde,wleonardeoi@squidoo.com,M,Economic,34,82657827,High,5,kalimantan_tengah
884,Siegfried,Leyband,sleybandoj@si.edu,M,Economic,35,19050761,High,10,gorontalo
885,Mirna,Rawstorn,mrawstornok@icio.us,F,Economic,24,93009720,High,3,di_yogyakarta
886,Carroll,Castro,ccastrool@marriott.com,F,Economic,29,51881221,High,2,papua_barat
887,Gayleen,Kersley,gkersleyom@ted.com,F,Economic,34,54900555,High,4,sulawesi_tengah
888,Fair,Portis,fportison@sakura.ne.jp,M,Economic,51,23154131,High,0,sumatera_selatan
889,Hanni,Carus,hcarusoo@devhub.com,F,Fantasy,14,63148685,High,4,kalimantan_timur
890,Owen,Mundwell,omundwellop@goodreads.com,M,Fantasy,37,4690503,Low,7,sumatera_barat
891,Raffaello,Blose,rbloseoq@topsy.com,M,Fantasy,14,86489242,High,1,jambi
892,Wilfred,Di Carlo,wdicarloor@unc.edu,M,Fantasy,25,27331574,High,9,bali
894,Olly,Willey,owilleyot@friendfeed.com,M,Horror,21,5650242,Middle,4,gorontalo
895,Therese,Sproul,tsproulou@wired.com,F,Horror,22,68145298,High,1,sulawesi_tengah
896,Iolande,Gleed,igleedov@twitter.com,F,Horror,30,25941677,High,4,kalimantan_selatan
897,Anson,Maggi,amaggiow@ucoz.com,M,Horror,14,70996224,High,3,papua_barat
898,Whitman,Shrimpton,wshrimptonox@pbs.org,M,Horror,16,12150355,High,0,banten
899,Berti,Menego,bmenegooy@zdnet.com,F,Horror,26,54393414,High,6,sumatera_barat
900,Annetta,Darrigrand,adarrigrandoz@spiegel.de,F,Horror,31,91530969,High,5,sulawesi_tengah
901,Corey,Tullis,ctullisp0@canalblog.com,F,Horror,17,23202385,High,1,sulawesi_tenggara
902,Lucita,Hasloch,lhaslochp1@google.ca,F,Horror,44,48472129,High,7,sulawesi_utara
903,Zola,Vicarey,zvicareyp2@cisco.com,F,Horror,31,58592762,High,7,bali
904,Cookie,Imlach,cimlachp3@irs.gov,F,Horror,47,11707139,High,0,sumatera_selatan
905,Huntington,Bertomieu,hbertomieup4@etsy.com,M,Horror,45,15484822,High,6,kalimantan_tengah
906,Carolyn,Dutteridge,cdutteridgep5@washingtonpost.com,F,Horror,37,31805433,High,5,gorontalo
907,Kendricks,Elias,keliasp6@intel.com,M,Horror,45,78178371,High,4,jawa_tengah
908,Barbara,Firebrace,bfirebracep7@vkontakte.ru,F,Horror,33,80762338,High,10,kep_ bangka belitung
909,Dyann,Olwen,dolwenp8@ameblo.jp,F,Horror,28,68804906,High,10,maluku
910,Ennis,Flips,eflipsp9@soundcloud.com,M,Horror,32,57469916,High,3,jawa_barat
911,Giff,Dunk,gdunkpa@exblog.jp,M,Horror,28,51578759,High,8,banten
912,Rodge,Tosney,rtosneypb@tamu.edu,M,Horror,46,54504765,High,3,sulawesi_tengah
913,Basile,Turville,bturvillepc@umich.edu,M,Horror,15,59438110,High,0,papua
914,Symon,Lodin,slodinpd@samsung.com,M,Horror,21,49168986,High,6,kalimantan_timur
915,Tate,Wagg,twaggpe@noaa.gov,F,Horror,39,40148668,High,4,sulawesi_tenggara
916,Delcine,Folk,dfolkpf@ftc.gov,F,Horror,17,56282460,High,8,lampung
917,Cirilo,Castiello,ccastiellopg@fastcompany.com,M,Horror,36,22316766,High,9,sulawesi_selatan
918,Thedric,Claypole,tclaypoleph@cbsnews.com,M,Horror,15,66236658,High,0,di_yogyakarta
919,Ron,Cree,rcreepi@chicagotribune.com,M,Horror,42,28954744,High,5,maluku_utara
920,Clarice,Quarrie,cquarriepj@studiopress.com,F,Horror,47,45362484,High,3,jawa_barat
921,Ezechiel,Doy,edoypk@quantcast.com,M,Horror,35,74656622,High,1,gorontalo
922,Isidro,Cadden,icaddenpl@goo.gl,M,Horror,34,82299020,High,4,sulawesi_barat
923,Reggy,Gotling,rgotlingpm@indiegogo.com,M,Horror,25,90565026,High,1,di_yogyakarta
924,Virge,Lummis,vlummispn@topsy.com,M,Horror,19,58930311,High,7,kalimantan_barat
925,Christan,Trunchion,ctrunchionpo@cdbaby.com,F,Horror,23,78418990,High,2,sumatera_selatan
926,Minni,McIvor,mmcivorpp@cdbaby.com,F,Horror,43,87328242,High,7,bali
927,Nerita,Bounds,nboundspq@github.com,F,Horror,28,46615525,High,5,kalimantan_barat
928,Clyde,Dybell,cdybellpr@live.com,M,Horror,46,4156044,Low,7,di_yogyakarta
929,Gerrard,Bawcock,gbawcockps@dailymail.co.uk,M,Horror,45,14684818,High,0,sulawesi_tenggara
930,Skipper,Blackaller,sblackallerpt@cisco.com,M,Horror,29,69006263,High,10,sulawesi_tenggara
931,Jeanie,Quinet,jquinetpu@nyu.edu,F,Horror,42,10879409,High,7,maluku_utara
932,Keslie,Tugwell,ktugwellpv@geocities.com,F,Horror,26,19671907,High,1,jawa_tengah
933,Preston,Mottram,pmottrampw@weibo.com,M,Horror,31,36035884,High,0,kalimantan_selatan
934,Chad,Donaher,cdonaherpx@ask.com,F,Horror,15,72551950,High,8,kalimantan_timur
935,Noell,Offill,noffillpy@gizmodo.com,F,Horror,37,53445020,High,7,bengkulu
936,Malena,Leavold,mleavoldpz@weebly.com,F,Horror,27,8762699,Middle,5,bali
937,Dannye,Askew,daskewq0@privacy.gov.au,F,Horror,44,56554689,High,8,aceh
938,Jesus,Sanches,jsanchesq1@harvard.edu,M,Horror,35,95781223,High,4,kalimantan_tengah
939,Meade,Heugel,mheugelq2@squidoo.com,M,Horror,21,67185222,High,4,maluku_utara
940,Hercules,Heak,hheakq3@so-net.ne.jp,M,Horror,20,84682404,High,8,kalimantan_selatan
941,Stu,Duprey,sdupreyq4@list-manage.com,M,Horror,27,31222212,High,2,lampung
942,Horten,Comi,hcomiq5@bloglovin.com,M,Horror,18,63693255,High,4,nusa_tenggara_timur
943,Lurette,Siemons,lsiemonsq6@buzzfeed.com,F,Horror,43,38829944,High,3,jawa_timur
944,Bibbye,Ivory,bivoryq7@clickbank.net,F,Horror,16,58589886,High,4,kalimantan_selatan
945,Alphonse,Bergstram,abergstramq8@bloomberg.com,M,Horror,38,18471276,High,10,kep_ bangka belitung
946,Morgun,McAulay,mmcaulayq9@aboutads.info,M,Horror,49,69583861,High,1,jawa_barat
947,Rafaellle,Deschlein,rdeschleinqa@google.fr,M,Horror,46,59647858,High,3,sulawesi_selatan
948,Sylas,Chipperfield,schipperfieldqb@google.ca,M,Horror,21,16455687,High,9,kalimantan_tengah
949,Selma,Brumbie,sbrumbieqc@imageshack.us,F,Horror,28,27177805,High,5,kep_ riau
950,Tyson,Fever,tfeverqd@etsy.com,M,Horror,35,57707686,High,9,sulawesi_barat
951,Ansley,Pender,apenderqe@constantcontact.com,F,Horror,45,25263820,High,4,di_yogyakarta
952,Riley,Paulson,rpaulsonqf@google.ca,M,Horror,13,35133170,High,6,papua_barat
953,Katha,Shailer,kshailerqg@youku.com,F,Horror,26,75827268,High,7,bali
954,Andromache,Vittori,avittoriqh@unblog.fr,F,Horror,34,59248379,High,8,kep_ bangka belitung
955,Garth,Suero,gsueroqi@nsw.gov.au,M,Horror,18,47936529,High,0,maluku
956,Christophe,Pennuzzi,cpennuzziqj@va.gov,M,Horror,45,3451977,Low,6,kalimantan_tengah
957,Evania,Palin,epalinqk@paginegialle.it,F,Horror,52,57643273,High,1,riau
958,Carri,Moores,cmooresql@blogspot.com,F,Horror,17,30678106,High,5,jawa_timur
968,Carlynn,Maundrell,cmaundrellqv@com.com,F,Mystery,24,13903810,High,4,sulawesi_tengah
969,Ira,Straffon,istraffonqw@rakuten.co.jp,M,Mystery,46,27472176,High,9,maluku
970,Rodi,Vigurs,rvigursqx@bloomberg.com,F,Mystery,42,84412649,High,4,sulawesi_tenggara
971,Emilia,Silcox,esilcoxqy@ning.com,F,Philosophy,28,19417989,High,8,kalimantan_utara
972,Padriac,Papa,ppapaqz@cam.ac.uk,M,Philosophy,41,24514485,High,8,kalimantan_barat
973,Gherardo,Dionsetto,gdionsettor0@soundcloud.com,M,Philosophy,25,96328103,High,6,riau
974,Grover,Bjerkan,gbjerkanr1@cdc.gov,M,Philosophy,45,63467253,High,7,jawa_barat
975,Garrot,Kleinerman,gkleinermanr2@howstuffworks.com,M,Philosophy,49,76829838,High,4,sumatera_barat
976,Palm,Crepel,pcrepelr3@geocities.jp,M,Philosophy,48,63927023,High,3,banten
977,Michelle,Aspy,maspyr4@google.ru,F,Philosophy,15,98994960,High,3,jawa_timur
978,Ettore,Commusso,ecommussor5@ibm.com,M,Philosophy,39,29732924,High,3,kep_ bangka belitung
1,Venus,Goldsberry,vgoldsberry0@zimbio.com,F,Religion,45,12834831,High,4,sulawesi_tengah
2,Sheilakathryn,Petticrow,spetticrow1@marriott.com,F,Religion,42,26092031,High,2,kalimantan_selatan
3,Baird,Tumilson,btumilson2@tmall.com,M,Religion,35,40479916,High,5,jawa_tengah
4,Orelle,Meads,omeads3@cbsnews.com,F,Religion,34,33459488,High,10,jambi
979,Kippie,Sherry,ksherryr6@facebook.com,M,Romance,33,71420826,High,5,jawa_timur
980,Cynde,Crilley,ccrilleyr7@instagram.com,F,Romance,25,7364846,Middle,10,sulawesi_selatan
981,Edi,Bartos,ebartosr8@homestead.com,F,Romance,23,99814540,High,3,kep_ bangka belitung
982,Felecia,Rigmond,frigmondr9@amazon.com,F,Sci-Fi,13,85441763,High,9,kalimantan_tengah
983,Thea,Bowcock,tbowcockra@cmu.edu,F,Sci-Fi,26,40692043,High,0,papua_barat
984,Garth,Craiker,gcraikerrb@xing.com,M,Sci-Fi,15,99362333,High,3,bengkulu
985,Amber,Crayke,acraykerc@mashable.com,F,Sci-Fi,18,36414942,High,10,jawa_barat
986,Axe,Milborn,amilbornrd@hhs.gov,M,Sci-Fi,19,47877871,High,1,banten
987,Trenton,Coughlin,tcoughlinre@fda.gov,M,Sci-Fi,27,44203905,High,6,nusa_tenggara_timur
988,Isidoro,Demougeot,idemougeotrf@addtoany.com,M,Thriller,38,25713809,High,3,sumatera_utara
989,Cale,Di Bartolommeo,cdibartolommeorg@china.com.cn,M,Thriller,50,18193110,High,3,bengkulu
990,Vale,Pochin,vpochinrh@linkedin.com,M,Thriller,25,10693941,High,5,sulawesi_selatan
991,Coleen,de Copeman,cdecopemanri@lulu.com,F,Thriller,24,90325757,High,3,bengkulu
992,Nealon,Craigg,ncraiggrj@unblog.fr,M,Thriller,31,64353912,High,5,lampung
993,Tucky,Baseke,tbasekerk@nps.gov,M,Thriller,25,56401528,High,4,sumatera_utara
994,Loria,Peskett,lpeskettrl@apple.com,F,Thriller,42,19291041,High,5,banten
995,Parsifal,Saunper,psaunperrm@ycombinator.com,M,Thriller,40,14096266,High,10,papua_barat
996,Sigrid,Fallowes,sfallowesrn@discuz.net,F,Thriller,17,23142999,High,10,kep_ bangka belitung
997,Liliane,Rawlinson,lrawlinsonro@census.gov,F,Thriller,28,23249609,High,5,di_yogyakarta
998,Ancell,Losbie,alosbierp@cbc.ca,M,War,18,36360665,High,3,sulawesi_barat
999,Arney,Besantie,abesantierq@boston.com,M,War,26,82353235,High,0,jawa_timur
1000,Bailie,Brentnall,bbrentnallrr@hao123.com,M,War,17,71307095,High,8,maluku
